Account address,Profile URL
kindofabigseal.wobbl.xyz.ap.brid.gy,https://bsky.app/profile/kindofabigseal.wobbl.xyz.ap.brid.gy
CatsComics.meow.social.ap.brid.gy,https://bsky.app/profile/CatsComics.meow.social.ap.brid.gy
fpop.meow.social.ap.brid.gy,https://bsky.app/profile/fpop.meow.social.ap.brid.gy
Nordeva.meow.social.ap.brid.gy,https://bsky.app/profile/Nordeva.meow.social.ap.brid.gy
Cassius.meow.social.ap.brid.gy,https://bsky.app/profile/Cassius.meow.social.ap.brid.gy
soatok.furry.engineer.ap.brid.gy,https://bsky.app/profile/soatok.furry.engineer.ap.brid.gy
makenshifox.blimps.xyz.ap.brid.gy,https://bsky.app/profile/makenshifox.blimps.xyz.ap.brid.gy
BigPurpleSentri.meow.social.ap.brid.gy,https://bsky.app/profile/BigPurpleSentri.meow.social.ap.brid.gy
Heliumfloof.blimps.xyz.ap.brid.gy,https://bsky.app/profile/Heliumfloof.blimps.xyz.ap.brid.gy
NikTheDusky.chaos.social.ap.brid.gy,https://bsky.app/profile/NikTheDusky.chaos.social.ap.brid.gy
TokaiSuiting.mastodon.social.ap.brid.gy,https://bsky.app/profile/TokaiSuiting.mastodon.social.ap.brid.gy
wolves.hourly.photo.ap.brid.gy,https://bsky.app/profile/wolves.hourly.photo.ap.brid.gy
yeenbot.mastodon.tinyfox.dev.ap.brid.gy,https://bsky.app/profile/yeenbot.mastodon.tinyfox.dev.ap.brid.gy
Mythimorph.mastodon.art.ap.brid.gy,https://bsky.app/profile/Mythimorph.mastodon.art.ap.brid.gy
ShinyFoxPaws.meow.social.ap.brid.gy,https://bsky.app/profile/ShinyFoxPaws.meow.social.ap.brid.gy
BinturongBoss.transfur.social.ap.brid.gy,https://bsky.app/profile/BinturongBoss.transfur.social.ap.brid.gy
Raspberry.mastodon.xyz.ap.brid.gy,https://bsky.app/profile/Raspberry.mastodon.xyz.ap.brid.gy
AnUndiesHusky.pawb.fun.ap.brid.gy,https://bsky.app/profile/AnUndiesHusky.pawb.fun.ap.brid.gy
WraithTehYeen.cubhub.social.ap.brid.gy,https://bsky.app/profile/WraithTehYeen.cubhub.social.ap.brid.gy
siplick.mastodon.art.ap.brid.gy,https://bsky.app/profile/siplick.mastodon.art.ap.brid.gy
value.meow.social.ap.brid.gy,https://bsky.app/profile/value.meow.social.ap.brid.gy
clovercritter.meow.social.ap.brid.gy,https://bsky.app/profile/clovercritter.meow.social.ap.brid.gy
Skulldog.meow.social.ap.brid.gy,https://bsky.app/profile/Skulldog.meow.social.ap.brid.gy
tsaroafterdark.tsarolion.com.ap.brid.gy,https://bsky.app/profile/tsaroafterdark.tsarolion.com.ap.brid.gy
laslwo.furries.club.ap.brid.gy,https://bsky.app/profile/laslwo.furries.club.ap.brid.gy
resannounce.social.lexevo.net.ap.brid.gy,https://bsky.app/profile/resannounce.social.lexevo.net.ap.brid.gy
kyden.cackl.io.ap.brid.gy,https://bsky.app/profile/kyden.cackl.io.ap.brid.gy
kangaroo.yiff.life.ap.brid.gy,https://bsky.app/profile/kangaroo.yiff.life.ap.brid.gy
Carbontrap.meow.social.ap.brid.gy,https://bsky.app/profile/Carbontrap.meow.social.ap.brid.gy
FediTips.social.growyourown.services.ap.brid.gy,https://bsky.app/profile/FediTips.social.growyourown.services.ap.brid.gy
senil888.synth.senil888.com.ap.brid.gy,https://bsky.app/profile/senil888.synth.senil888.com.ap.brid.gy
deeryeen.yeen.social.ap.brid.gy,https://bsky.app/profile/deeryeen.yeen.social.ap.brid.gy
keith.mastodon.sdf.org.ap.brid.gy,https://bsky.app/profile/keith.mastodon.sdf.org.ap.brid.gy
mamath.mastodon.art.ap.brid.gy,https://bsky.app/profile/mamath.mastodon.art.ap.brid.gy
dizzymilky.gulp.cafe.ap.brid.gy,https://bsky.app/profile/dizzymilky.gulp.cafe.ap.brid.gy
SMNFXCN.wetdry.world.ap.brid.gy,https://bsky.app/profile/SMNFXCN.wetdry.world.ap.brid.gy
TeryxC.meow.social.ap.brid.gy,https://bsky.app/profile/TeryxC.meow.social.ap.brid.gy
leeyfox.meow.social.ap.brid.gy,https://bsky.app/profile/leeyfox.meow.social.ap.brid.gy
Shinyraptor.rubber.social.ap.brid.gy,https://bsky.app/profile/Shinyraptor.rubber.social.ap.brid.gy
Draki.bark.lgbt.ap.brid.gy,https://bsky.app/profile/Draki.bark.lgbt.ap.brid.gy
DolanoCubo.pandapla.net.ap.brid.gy,https://bsky.app/profile/DolanoCubo.pandapla.net.ap.brid.gy
kishi.yiff.life.ap.brid.gy,https://bsky.app/profile/kishi.yiff.life.ap.brid.gy
tacocatarts.pawb.fun.ap.brid.gy,https://bsky.app/profile/tacocatarts.pawb.fun.ap.brid.gy
silasagnostos.meow.social.ap.brid.gy,https://bsky.app/profile/silasagnostos.meow.social.ap.brid.gy
Lucis.meow.social.ap.brid.gy,https://bsky.app/profile/Lucis.meow.social.ap.brid.gy
kasxo.blimps.xyz.ap.brid.gy,https://bsky.app/profile/kasxo.blimps.xyz.ap.brid.gy
koebi.blimps.xyz.ap.brid.gy,https://bsky.app/profile/koebi.blimps.xyz.ap.brid.gy
SundaysPlayzone.meow.social.ap.brid.gy,https://bsky.app/profile/SundaysPlayzone.meow.social.ap.brid.gy
HarryHusky.pawb.fun.ap.brid.gy,https://bsky.app/profile/HarryHusky.pawb.fun.ap.brid.gy
Velux.squeaky.social.ap.brid.gy,https://bsky.app/profile/Velux.squeaky.social.ap.brid.gy
lobinez.bird.makeup.ap.brid.gy,https://bsky.app/profile/lobinez.bird.makeup.ap.brid.gy
ToonTouchin3D.wobbl.xyz.ap.brid.gy,https://bsky.app/profile/ToonTouchin3D.wobbl.xyz.ap.brid.gy
huxley.furry.engineer.ap.brid.gy,https://bsky.app/profile/huxley.furry.engineer.ap.brid.gy
Earthmark.meow.social.ap.brid.gy,https://bsky.app/profile/Earthmark.meow.social.ap.brid.gy
Niko.animal.business.ap.brid.gy,https://bsky.app/profile/Niko.animal.business.ap.brid.gy
DeerlyQueer.blorbo.social.ap.brid.gy,https://bsky.app/profile/DeerlyQueer.blorbo.social.ap.brid.gy
yacrical.meow.social.ap.brid.gy,https://bsky.app/profile/yacrical.meow.social.ap.brid.gy
julsteele.mastoart.social.ap.brid.gy,https://bsky.app/profile/julsteele.mastoart.social.ap.brid.gy
nonfedimemes.wetdry.world.ap.brid.gy,https://bsky.app/profile/nonfedimemes.wetdry.world.ap.brid.gy
okkeun.furries.club.ap.brid.gy,https://bsky.app/profile/okkeun.furries.club.ap.brid.gy
Icky.meow.social.ap.brid.gy,https://bsky.app/profile/Icky.meow.social.ap.brid.gy
Babanasaur_.meow.social.ap.brid.gy,https://bsky.app/profile/Babanasaur_.meow.social.ap.brid.gy
cerberus.cerb.monster.ap.brid.gy,https://bsky.app/profile/cerberus.cerb.monster.ap.brid.gy
BruiserPupNH.woof.group.ap.brid.gy,https://bsky.app/profile/BruiserPupNH.woof.group.ap.brid.gy
FloYote.drg.nz.ap.brid.gy,https://bsky.app/profile/FloYote.drg.nz.ap.brid.gy
DireCreatures.meow.social.ap.brid.gy,https://bsky.app/profile/DireCreatures.meow.social.ap.brid.gy
tanzureir.rubber.social.ap.brid.gy,https://bsky.app/profile/tanzureir.rubber.social.ap.brid.gy
flowy.rubber.social.ap.brid.gy,https://bsky.app/profile/flowy.rubber.social.ap.brid.gy
rubberbeefcake.rubber.social.ap.brid.gy,https://bsky.app/profile/rubberbeefcake.rubber.social.ap.brid.gy
Aster.derg.one.ap.brid.gy,https://bsky.app/profile/Aster.derg.one.ap.brid.gy
blumlaut.hounds.online.ap.brid.gy,https://bsky.app/profile/blumlaut.hounds.online.ap.brid.gy
meowdragon.pounced-on.me.ap.brid.gy,https://bsky.app/profile/meowdragon.pounced-on.me.ap.brid.gy
SpeccyChicken.mastodon.art.ap.brid.gy,https://bsky.app/profile/SpeccyChicken.mastodon.art.ap.brid.gy
SmolBlueFox.cubhub.social.ap.brid.gy,https://bsky.app/profile/SmolBlueFox.cubhub.social.ap.brid.gy
ori_mew.cubhub.social.ap.brid.gy,https://bsky.app/profile/ori_mew.cubhub.social.ap.brid.gy
convelocity.mastodon.social.ap.brid.gy,https://bsky.app/profile/convelocity.mastodon.social.ap.brid.gy
sutter.meemu.org.ap.brid.gy,https://bsky.app/profile/sutter.meemu.org.ap.brid.gy
growlbeast.meow.social.ap.brid.gy,https://bsky.app/profile/growlbeast.meow.social.ap.brid.gy
valhund.meow.social.ap.brid.gy,https://bsky.app/profile/valhund.meow.social.ap.brid.gy
tilton.raccoon.zone.ap.brid.gy,https://bsky.app/profile/tilton.raccoon.zone.ap.brid.gy
ziphi.meow.social.ap.brid.gy,https://bsky.app/profile/ziphi.meow.social.ap.brid.gy
MtKanjon.meow.social.ap.brid.gy,https://bsky.app/profile/MtKanjon.meow.social.ap.brid.gy
meltyautumn.plush.city.ap.brid.gy,https://bsky.app/profile/meltyautumn.plush.city.ap.brid.gy
bacon.woof.group.ap.brid.gy,https://bsky.app/profile/bacon.woof.group.ap.brid.gy
Featherbrain.rubber.social.ap.brid.gy,https://bsky.app/profile/Featherbrain.rubber.social.ap.brid.gy
alpenglow.rubber.social.ap.brid.gy,https://bsky.app/profile/alpenglow.rubber.social.ap.brid.gy
viki.rubber.social.ap.brid.gy,https://bsky.app/profile/viki.rubber.social.ap.brid.gy
RiptideTheCroc.meow.social.ap.brid.gy,https://bsky.app/profile/RiptideTheCroc.meow.social.ap.brid.gy
Rusty.cubhub.social.ap.brid.gy,https://bsky.app/profile/Rusty.cubhub.social.ap.brid.gy
rusty.rubber.social.ap.brid.gy,https://bsky.app/profile/rusty.rubber.social.ap.brid.gy
doubleDensity.beach.city.ap.brid.gy,https://bsky.app/profile/doubleDensity.beach.city.ap.brid.gy
fleece.artemis.camp.ap.brid.gy,https://bsky.app/profile/fleece.artemis.camp.ap.brid.gy
CatTinyPaws.meow.social.ap.brid.gy,https://bsky.app/profile/CatTinyPaws.meow.social.ap.brid.gy
kodiakmoments.bears.town.ap.brid.gy,https://bsky.app/profile/kodiakmoments.bears.town.ap.brid.gy
volpeon.is-a.wyvern.rip.ap.brid.gy,https://bsky.app/profile/volpeon.is-a.wyvern.rip.ap.brid.gy
masklayer.slime.global.ap.brid.gy,https://bsky.app/profile/masklayer.slime.global.ap.brid.gy
bubblestheaxolotl.mastodon.social.ap.brid.gy,https://bsky.app/profile/bubblestheaxolotl.mastodon.social.ap.brid.gy
Tribdinosaur.meow.social.ap.brid.gy,https://bsky.app/profile/Tribdinosaur.meow.social.ap.brid.gy
lizardbethart.redwombat.social.ap.brid.gy,https://bsky.app/profile/lizardbethart.redwombat.social.ap.brid.gy
FaultyArts.furries.club.ap.brid.gy,https://bsky.app/profile/FaultyArts.furries.club.ap.brid.gy
Meijer.wolfdo.gg.ap.brid.gy,https://bsky.app/profile/Meijer.wolfdo.gg.ap.brid.gy
BeeFrequency.bark.lgbt.ap.brid.gy,https://bsky.app/profile/BeeFrequency.bark.lgbt.ap.brid.gy
icefoxx.yiff.life.ap.brid.gy,https://bsky.app/profile/icefoxx.yiff.life.ap.brid.gy
0laffson.mastodon.art.ap.brid.gy,https://bsky.app/profile/0laffson.mastodon.art.ap.brid.gy
tigerknight.mastodon.art.ap.brid.gy,https://bsky.app/profile/tigerknight.mastodon.art.ap.brid.gy
KingKuga.macrofurs.social.ap.brid.gy,https://bsky.app/profile/KingKuga.macrofurs.social.ap.brid.gy
mlemofficial.mastodon.social.ap.brid.gy,https://bsky.app/profile/mlemofficial.mastodon.social.ap.brid.gy
ZephyrDerg.meow.social.ap.brid.gy,https://bsky.app/profile/ZephyrDerg.meow.social.ap.brid.gy
bayepaye.mastodon.art.ap.brid.gy,https://bsky.app/profile/bayepaye.mastodon.art.ap.brid.gy
aishishi.mastodon.art.ap.brid.gy,https://bsky.app/profile/aishishi.mastodon.art.ap.brid.gy
paintylux.meow.social.ap.brid.gy,https://bsky.app/profile/paintylux.meow.social.ap.brid.gy
Streaks.meow.social.ap.brid.gy,https://bsky.app/profile/Streaks.meow.social.ap.brid.gy
TeaRexee.fursuits.online.ap.brid.gy,https://bsky.app/profile/TeaRexee.fursuits.online.ap.brid.gy
TwinkyArts.mastodon.social.ap.brid.gy,https://bsky.app/profile/TwinkyArts.mastodon.social.ap.brid.gy
darkou.furries.club.ap.brid.gy,https://bsky.app/profile/darkou.furries.club.ap.brid.gy
goofennec.blimps.xyz.ap.brid.gy,https://bsky.app/profile/goofennec.blimps.xyz.ap.brid.gy
WeirdedOutShiba.pawb.fun.ap.brid.gy,https://bsky.app/profile/WeirdedOutShiba.pawb.fun.ap.brid.gy
zeke.blimps.xyz.ap.brid.gy,https://bsky.app/profile/zeke.blimps.xyz.ap.brid.gy
lettuce.mas.to.ap.brid.gy,https://bsky.app/profile/lettuce.mas.to.ap.brid.gy
pupspace.cubhub.social.ap.brid.gy,https://bsky.app/profile/pupspace.cubhub.social.ap.brid.gy
Lion.blimps.xyz.ap.brid.gy,https://bsky.app/profile/Lion.blimps.xyz.ap.brid.gy
inkwelldragon.chitter.xyz.ap.brid.gy,https://bsky.app/profile/inkwelldragon.chitter.xyz.ap.brid.gy
EthanForestFox.meow.social.ap.brid.gy,https://bsky.app/profile/EthanForestFox.meow.social.ap.brid.gy
edwino22.wolfdo.gg.ap.brid.gy,https://bsky.app/profile/edwino22.wolfdo.gg.ap.brid.gy
Fjorzek214.blimps.xyz.ap.brid.gy,https://bsky.app/profile/Fjorzek214.blimps.xyz.ap.brid.gy
NoodleBeast.pawb.fun.ap.brid.gy,https://bsky.app/profile/NoodleBeast.pawb.fun.ap.brid.gy
Ole.transfur.social.ap.brid.gy,https://bsky.app/profile/Ole.transfur.social.ap.brid.gy
ExistentialBeanBag.gulp.cafe.ap.brid.gy,https://bsky.app/profile/ExistentialBeanBag.gulp.cafe.ap.brid.gy
scanigryph.yiff.life.ap.brid.gy,https://bsky.app/profile/scanigryph.yiff.life.ap.brid.gy
willtempest.mastodon.art.ap.brid.gy,https://bsky.app/profile/willtempest.mastodon.art.ap.brid.gy
AlexShire.rubber.social.ap.brid.gy,https://bsky.app/profile/AlexShire.rubber.social.ap.brid.gy
DarkOverord.rubber.social.ap.brid.gy,https://bsky.app/profile/DarkOverord.rubber.social.ap.brid.gy
murrpy.dragonchat.org.ap.brid.gy,https://bsky.app/profile/murrpy.dragonchat.org.ap.brid.gy
Arrkay.meow.social.ap.brid.gy,https://bsky.app/profile/Arrkay.meow.social.ap.brid.gy
sloppywulf.meow.social.ap.brid.gy,https://bsky.app/profile/sloppywulf.meow.social.ap.brid.gy
OpenCommish.mastodon.art.ap.brid.gy,https://bsky.app/profile/OpenCommish.mastodon.art.ap.brid.gy
Gorsh.squeak.social.ap.brid.gy,https://bsky.app/profile/Gorsh.squeak.social.ap.brid.gy
Werewusky.meow.social.ap.brid.gy,https://bsky.app/profile/Werewusky.meow.social.ap.brid.gy
whitekiba.squeak.social.ap.brid.gy,https://bsky.app/profile/whitekiba.squeak.social.ap.brid.gy
fleece.spottyreception.xyz.ap.brid.gy,https://bsky.app/profile/fleece.spottyreception.xyz.ap.brid.gy
duncan.kangaroo.to.ap.brid.gy,https://bsky.app/profile/duncan.kangaroo.to.ap.brid.gy
Punkrot.meow.social.ap.brid.gy,https://bsky.app/profile/Punkrot.meow.social.ap.brid.gy
PastelDawg.meow.social.ap.brid.gy,https://bsky.app/profile/PastelDawg.meow.social.ap.brid.gy
Deriaz.meow.social.ap.brid.gy,https://bsky.app/profile/Deriaz.meow.social.ap.brid.gy
RedDragoonPrinting.mastodon.art.ap.brid.gy,https://bsky.app/profile/RedDragoonPrinting.mastodon.art.ap.brid.gy
rowkey.mastodon.art.ap.brid.gy,https://bsky.app/profile/rowkey.mastodon.art.ap.brid.gy
Gargron.mastodon.social.ap.brid.gy,https://bsky.app/profile/Gargron.mastodon.social.ap.brid.gy
Lobowolf.blimps.xyz.ap.brid.gy,https://bsky.app/profile/Lobowolf.blimps.xyz.ap.brid.gy
HansFaffing.mastodon.social.ap.brid.gy,https://bsky.app/profile/HansFaffing.mastodon.social.ap.brid.gy
AradorTD.meow.social.ap.brid.gy,https://bsky.app/profile/AradorTD.meow.social.ap.brid.gy
KhrenPhyros.meow.social.ap.brid.gy,https://bsky.app/profile/KhrenPhyros.meow.social.ap.brid.gy
ThickGlacier.blimps.xyz.ap.brid.gy,https://bsky.app/profile/ThickGlacier.blimps.xyz.ap.brid.gy
raspberryluc.pawb.fun.ap.brid.gy,https://bsky.app/profile/raspberryluc.pawb.fun.ap.brid.gy
Rip_K.meow.social.ap.brid.gy,https://bsky.app/profile/Rip_K.meow.social.ap.brid.gy
RedIzak.meow.social.ap.brid.gy,https://bsky.app/profile/RedIzak.meow.social.ap.brid.gy
dizfoley.mastodon.social.ap.brid.gy,https://bsky.app/profile/dizfoley.mastodon.social.ap.brid.gy
GaiaMouse.meow.social.ap.brid.gy,https://bsky.app/profile/GaiaMouse.meow.social.ap.brid.gy
AfterMoles.meow.social.ap.brid.gy,https://bsky.app/profile/AfterMoles.meow.social.ap.brid.gy
cutepencilcase.socel.net.ap.brid.gy,https://bsky.app/profile/cutepencilcase.socel.net.ap.brid.gy
DuskDargent.meow.social.ap.brid.gy,https://bsky.app/profile/DuskDargent.meow.social.ap.brid.gy
irradiatedBeans.meow.social.ap.brid.gy,https://bsky.app/profile/irradiatedBeans.meow.social.ap.brid.gy
maiathoustra.pawb.fun.ap.brid.gy,https://bsky.app/profile/maiathoustra.pawb.fun.ap.brid.gy
grumpygryphon.mastodon.art.ap.brid.gy,https://bsky.app/profile/grumpygryphon.mastodon.art.ap.brid.gy
Fenrir74.mastodon.art.ap.brid.gy,https://bsky.app/profile/Fenrir74.mastodon.art.ap.brid.gy
Acroth.meow.social.ap.brid.gy,https://bsky.app/profile/Acroth.meow.social.ap.brid.gy
TerribleMaps.en.osm.town.ap.brid.gy,https://bsky.app/profile/TerribleMaps.en.osm.town.ap.brid.gy
Teaselbone.meow.social.ap.brid.gy,https://bsky.app/profile/Teaselbone.meow.social.ap.brid.gy
kuma.transfur.social.ap.brid.gy,https://bsky.app/profile/kuma.transfur.social.ap.brid.gy
Pupperyum.gulp.cafe.ap.brid.gy,https://bsky.app/profile/Pupperyum.gulp.cafe.ap.brid.gy
SeriouslyNotRip.blimps.xyz.ap.brid.gy,https://bsky.app/profile/SeriouslyNotRip.blimps.xyz.ap.brid.gy
vinnycoyote.meow.social.ap.brid.gy,https://bsky.app/profile/vinnycoyote.meow.social.ap.brid.gy
okieraccoon.meow.social.ap.brid.gy,https://bsky.app/profile/okieraccoon.meow.social.ap.brid.gy
lilrobutty.rubber.social.ap.brid.gy,https://bsky.app/profile/lilrobutty.rubber.social.ap.brid.gy
Swifty.meow.social.ap.brid.gy,https://bsky.app/profile/Swifty.meow.social.ap.brid.gy
Katusedcharm.mastodon.art.ap.brid.gy,https://bsky.app/profile/Katusedcharm.mastodon.art.ap.brid.gy
alex.furry.engineer.ap.brid.gy,https://bsky.app/profile/alex.furry.engineer.ap.brid.gy
Rubberpaws.rubber.social.ap.brid.gy,https://bsky.app/profile/Rubberpaws.rubber.social.ap.brid.gy
enbunyary.bark.lgbt.ap.brid.gy,https://bsky.app/profile/enbunyary.bark.lgbt.ap.brid.gy
nemesisilit.mastodon.art.ap.brid.gy,https://bsky.app/profile/nemesisilit.mastodon.art.ap.brid.gy
MisterGimmick.meow.social.ap.brid.gy,https://bsky.app/profile/MisterGimmick.meow.social.ap.brid.gy
suff.blimps.xyz.ap.brid.gy,https://bsky.app/profile/suff.blimps.xyz.ap.brid.gy
joewatsonillustration.mastodon.art.ap.brid.gy,https://bsky.app/profile/joewatsonillustration.mastodon.art.ap.brid.gy
hyst_draws.meow.social.ap.brid.gy,https://bsky.app/profile/hyst_draws.meow.social.ap.brid.gy
thelatestkate.mastodon.art.ap.brid.gy,https://bsky.app/profile/thelatestkate.mastodon.art.ap.brid.gy
Kuma.meow.social.ap.brid.gy,https://bsky.app/profile/Kuma.meow.social.ap.brid.gy
Khyaber.mastodon.social.ap.brid.gy,https://bsky.app/profile/Khyaber.mastodon.social.ap.brid.gy
teratobite.meow.social.ap.brid.gy,https://bsky.app/profile/teratobite.meow.social.ap.brid.gy
ombre.mastodon.art.ap.brid.gy,https://bsky.app/profile/ombre.mastodon.art.ap.brid.gy
PlayStationPark.mastodon.social.ap.brid.gy,https://bsky.app/profile/PlayStationPark.mastodon.social.ap.brid.gy
drakoknight.meow.social.ap.brid.gy,https://bsky.app/profile/drakoknight.meow.social.ap.brid.gy
shinytekkie.rubber.social.ap.brid.gy,https://bsky.app/profile/shinytekkie.rubber.social.ap.brid.gy
Chocofox.meow.social.ap.brid.gy,https://bsky.app/profile/Chocofox.meow.social.ap.brid.gy
vidi.meow.social.ap.brid.gy,https://bsky.app/profile/vidi.meow.social.ap.brid.gy
Lichenfall.mastodon.art.ap.brid.gy,https://bsky.app/profile/Lichenfall.mastodon.art.ap.brid.gy
ArchmageEternal.meow.social.ap.brid.gy,https://bsky.app/profile/ArchmageEternal.meow.social.ap.brid.gy
SamsonSilvo.meow.social.ap.brid.gy,https://bsky.app/profile/SamsonSilvo.meow.social.ap.brid.gy
Velstine.plush.city.ap.brid.gy,https://bsky.app/profile/Velstine.plush.city.ap.brid.gy
Skaifox.meow.social.ap.brid.gy,https://bsky.app/profile/Skaifox.meow.social.ap.brid.gy
SpikeAllosaur.meow.social.ap.brid.gy,https://bsky.app/profile/SpikeAllosaur.meow.social.ap.brid.gy
Furtrack.fursuits.online.ap.brid.gy,https://bsky.app/profile/Furtrack.fursuits.online.ap.brid.gy
lusrangifer.blimps.xyz.ap.brid.gy,https://bsky.app/profile/lusrangifer.blimps.xyz.ap.brid.gy
dergovik.rubber.social.ap.brid.gy,https://bsky.app/profile/dergovik.rubber.social.ap.brid.gy
Capydeev.pixelfed.furryfandom.me.ap.brid.gy,https://bsky.app/profile/Capydeev.pixelfed.furryfandom.me.ap.brid.gy
orzel.meow.social.ap.brid.gy,https://bsky.app/profile/orzel.meow.social.ap.brid.gy
sykes.plush.city.ap.brid.gy,https://bsky.app/profile/sykes.plush.city.ap.brid.gy
torrn.loutre.info.ap.brid.gy,https://bsky.app/profile/torrn.loutre.info.ap.brid.gy
mediar.tech.lgbt.ap.brid.gy,https://bsky.app/profile/mediar.tech.lgbt.ap.brid.gy
countrycurves.rubber.social.ap.brid.gy,https://bsky.app/profile/countrycurves.rubber.social.ap.brid.gy
sykes.rubber.social.ap.brid.gy,https://bsky.app/profile/sykes.rubber.social.ap.brid.gy
inflatethemall.squeak.social.ap.brid.gy,https://bsky.app/profile/inflatethemall.squeak.social.ap.brid.gy
anubins.macrofurs.social.ap.brid.gy,https://bsky.app/profile/anubins.macrofurs.social.ap.brid.gy
Straander.dook.business.ap.brid.gy,https://bsky.app/profile/Straander.dook.business.ap.brid.gy
nevermourn.pawb.fun.ap.brid.gy,https://bsky.app/profile/nevermourn.pawb.fun.ap.brid.gy
Lycan_maw.bark.lgbt.ap.brid.gy,https://bsky.app/profile/Lycan_maw.bark.lgbt.ap.brid.gy
Xanthe.furry.energy.ap.brid.gy,https://bsky.app/profile/Xanthe.furry.energy.ap.brid.gy
June.cubhub.social.ap.brid.gy,https://bsky.app/profile/June.cubhub.social.ap.brid.gy
Naetholix.mastodon.social.ap.brid.gy,https://bsky.app/profile/Naetholix.mastodon.social.ap.brid.gy
heart_beats_2.bird.makeup.ap.brid.gy,https://bsky.app/profile/heart_beats_2.bird.makeup.ap.brid.gy
fossilisk.denden.world.ap.brid.gy,https://bsky.app/profile/fossilisk.denden.world.ap.brid.gy
Furvana.furrycon.social.ap.brid.gy,https://bsky.app/profile/Furvana.furrycon.social.ap.brid.gy
Riilu.blimps.xyz.ap.brid.gy,https://bsky.app/profile/Riilu.blimps.xyz.ap.brid.gy
chiros.batchats.net.ap.brid.gy,https://bsky.app/profile/chiros.batchats.net.ap.brid.gy
spycyshark.yiff.life.ap.brid.gy,https://bsky.app/profile/spycyshark.yiff.life.ap.brid.gy
SpaceLizart.mastodon.art.ap.brid.gy,https://bsky.app/profile/SpaceLizart.mastodon.art.ap.brid.gy
c__pnk.pounced-on.me.ap.brid.gy,https://bsky.app/profile/c__pnk.pounced-on.me.ap.brid.gy
qthammer99.furry.energy.ap.brid.gy,https://bsky.app/profile/qthammer99.furry.energy.ap.brid.gy
chamomile.furry.engineer.ap.brid.gy,https://bsky.app/profile/chamomile.furry.engineer.ap.brid.gy
mutty_blue.bark.lgbt.ap.brid.gy,https://bsky.app/profile/mutty_blue.bark.lgbt.ap.brid.gy
daverage.yiff.life.ap.brid.gy,https://bsky.app/profile/daverage.yiff.life.ap.brid.gy
okro_co.mastodon.social.ap.brid.gy,https://bsky.app/profile/okro_co.mastodon.social.ap.brid.gy
transparency.furry.engineer.ap.brid.gy,https://bsky.app/profile/transparency.furry.engineer.ap.brid.gy
zaszthecroc.meow.social.ap.brid.gy,https://bsky.app/profile/zaszthecroc.meow.social.ap.brid.gy
Tomatodogart.meow.social.ap.brid.gy,https://bsky.app/profile/Tomatodogart.meow.social.ap.brid.gy
luikatjie.meow.social.ap.brid.gy,https://bsky.app/profile/luikatjie.meow.social.ap.brid.gy
dogo.pounced-on.me.ap.brid.gy,https://bsky.app/profile/dogo.pounced-on.me.ap.brid.gy
svenarcticfox.furry.engineer.ap.brid.gy,https://bsky.app/profile/svenarcticfox.furry.engineer.ap.brid.gy
UnderwOtter.meow.social.ap.brid.gy,https://bsky.app/profile/UnderwOtter.meow.social.ap.brid.gy
hexacult.yiff.life.ap.brid.gy,https://bsky.app/profile/hexacult.yiff.life.ap.brid.gy
Narf_Raccoon.meow.social.ap.brid.gy,https://bsky.app/profile/Narf_Raccoon.meow.social.ap.brid.gy
prawnzo.meow.social.ap.brid.gy,https://bsky.app/profile/prawnzo.meow.social.ap.brid.gy
zig_von_katz.furries.club.ap.brid.gy,https://bsky.app/profile/zig_von_katz.furries.club.ap.brid.gy
Skulldox.mastodon.art.ap.brid.gy,https://bsky.app/profile/Skulldox.mastodon.art.ap.brid.gy
Oric.macrofurs.social.ap.brid.gy,https://bsky.app/profile/Oric.macrofurs.social.ap.brid.gy
Specopcleric.meow.social.ap.brid.gy,https://bsky.app/profile/Specopcleric.meow.social.ap.brid.gy
cosmicartoons.mastodon.art.ap.brid.gy,https://bsky.app/profile/cosmicartoons.mastodon.art.ap.brid.gy
ShinyWark.blimps.xyz.ap.brid.gy,https://bsky.app/profile/ShinyWark.blimps.xyz.ap.brid.gy
gulo.macrofurs.social.ap.brid.gy,https://bsky.app/profile/gulo.macrofurs.social.ap.brid.gy
JarggyRoo.meow.social.ap.brid.gy,https://bsky.app/profile/JarggyRoo.meow.social.ap.brid.gy
hellamander.animal.business.ap.brid.gy,https://bsky.app/profile/hellamander.animal.business.ap.brid.gy
sweek.meow.social.ap.brid.gy,https://bsky.app/profile/sweek.meow.social.ap.brid.gy
TooniestSkunk.meow.social.ap.brid.gy,https://bsky.app/profile/TooniestSkunk.meow.social.ap.brid.gy
drachenmagier.mastodon.art.ap.brid.gy,https://bsky.app/profile/drachenmagier.mastodon.art.ap.brid.gy
0ct0m0n0.meow.social.ap.brid.gy,https://bsky.app/profile/0ct0m0n0.meow.social.ap.brid.gy
tangelohyena.pawb.fun.ap.brid.gy,https://bsky.app/profile/tangelohyena.pawb.fun.ap.brid.gy
Freewolfd.bark.lgbt.ap.brid.gy,https://bsky.app/profile/Freewolfd.bark.lgbt.ap.brid.gy
kitsuakari.meow.social.ap.brid.gy,https://bsky.app/profile/kitsuakari.meow.social.ap.brid.gy
meteonyker.meow.social.ap.brid.gy,https://bsky.app/profile/meteonyker.meow.social.ap.brid.gy
chazz.animal.business.ap.brid.gy,https://bsky.app/profile/chazz.animal.business.ap.brid.gy
Eskiworks.mastodon.art.ap.brid.gy,https://bsky.app/profile/Eskiworks.mastodon.art.ap.brid.gy
saltamor.mastodon.art.ap.brid.gy,https://bsky.app/profile/saltamor.mastodon.art.ap.brid.gy
TinyDragonArtist.mastodon.art.ap.brid.gy,https://bsky.app/profile/TinyDragonArtist.mastodon.art.ap.brid.gy
chaosky.rubber.social.ap.brid.gy,https://bsky.app/profile/chaosky.rubber.social.ap.brid.gy
Benji.furries.club.ap.brid.gy,https://bsky.app/profile/Benji.furries.club.ap.brid.gy
curiousordinary.mas.to.ap.brid.gy,https://bsky.app/profile/curiousordinary.mas.to.ap.brid.gy
TFsential.transfur.social.ap.brid.gy,https://bsky.app/profile/TFsential.transfur.social.ap.brid.gy
kraaico.mastodon.art.ap.brid.gy,https://bsky.app/profile/kraaico.mastodon.art.ap.brid.gy
pewtrew.yiff.life.ap.brid.gy,https://bsky.app/profile/pewtrew.yiff.life.ap.brid.gy
howlitzer.meow.social.ap.brid.gy,https://bsky.app/profile/howlitzer.meow.social.ap.brid.gy
KayBob.meow.social.ap.brid.gy,https://bsky.app/profile/KayBob.meow.social.ap.brid.gy
SpelunkerSal.meow.social.ap.brid.gy,https://bsky.app/profile/SpelunkerSal.meow.social.ap.brid.gy
dogzone.meow.social.ap.brid.gy,https://bsky.app/profile/dogzone.meow.social.ap.brid.gy
krautdragon.mastodon.social.ap.brid.gy,https://bsky.app/profile/krautdragon.mastodon.social.ap.brid.gy
Macroceli.mastodon.social.ap.brid.gy,https://bsky.app/profile/Macroceli.mastodon.social.ap.brid.gy
nocontexttrek.mastodon.social.ap.brid.gy,https://bsky.app/profile/nocontexttrek.mastodon.social.ap.brid.gy
Bufferoos.meow.social.ap.brid.gy,https://bsky.app/profile/Bufferoos.meow.social.ap.brid.gy
blondie.mastodon.social.ap.brid.gy,https://bsky.app/profile/blondie.mastodon.social.ap.brid.gy
AverTheDorbley.meow.social.ap.brid.gy,https://bsky.app/profile/AverTheDorbley.meow.social.ap.brid.gy
roswell.meow.social.ap.brid.gy,https://bsky.app/profile/roswell.meow.social.ap.brid.gy
kamsirius.meow.social.ap.brid.gy,https://bsky.app/profile/kamsirius.meow.social.ap.brid.gy
xXKitsune.mastodon.art.ap.brid.gy,https://bsky.app/profile/xXKitsune.mastodon.art.ap.brid.gy
Makrawa.wobbl.xyz.ap.brid.gy,https://bsky.app/profile/Makrawa.wobbl.xyz.ap.brid.gy
gamblepaws.meow.social.ap.brid.gy,https://bsky.app/profile/gamblepaws.meow.social.ap.brid.gy
vancoufur.furrycon.social.ap.brid.gy,https://bsky.app/profile/vancoufur.furrycon.social.ap.brid.gy
Cariboops.meow.social.ap.brid.gy,https://bsky.app/profile/Cariboops.meow.social.ap.brid.gy
foxalbiazul.meow.social.ap.brid.gy,https://bsky.app/profile/foxalbiazul.meow.social.ap.brid.gy
scurrow.kangaroo.to.ap.brid.gy,https://bsky.app/profile/scurrow.kangaroo.to.ap.brid.gy
Bottlebear.cubhub.social.ap.brid.gy,https://bsky.app/profile/Bottlebear.cubhub.social.ap.brid.gy
FinchFox.meow.social.ap.brid.gy,https://bsky.app/profile/FinchFox.meow.social.ap.brid.gy
Dsurion.mastodon.art.ap.brid.gy,https://bsky.app/profile/Dsurion.mastodon.art.ap.brid.gy
gordihyena.mastodon.social.ap.brid.gy,https://bsky.app/profile/gordihyena.mastodon.social.ap.brid.gy
Guax.meow.social.ap.brid.gy,https://bsky.app/profile/Guax.meow.social.ap.brid.gy
rbrkat.rubber.social.ap.brid.gy,https://bsky.app/profile/rbrkat.rubber.social.ap.brid.gy
Deccadog.animal.business.ap.brid.gy,https://bsky.app/profile/Deccadog.animal.business.ap.brid.gy
videah.meow.social.ap.brid.gy,https://bsky.app/profile/videah.meow.social.ap.brid.gy
Fink.cubhub.social.ap.brid.gy,https://bsky.app/profile/Fink.cubhub.social.ap.brid.gy
norfdog.mastodon.social.ap.brid.gy,https://bsky.app/profile/norfdog.mastodon.social.ap.brid.gy
AutomataDog.furry.engineer.ap.brid.gy,https://bsky.app/profile/AutomataDog.furry.engineer.ap.brid.gy
Raironu.meow.social.ap.brid.gy,https://bsky.app/profile/Raironu.meow.social.ap.brid.gy
Kingie_art.mastodon.art.ap.brid.gy,https://bsky.app/profile/Kingie_art.mastodon.art.ap.brid.gy
curlworks.mastodon.art.ap.brid.gy,https://bsky.app/profile/curlworks.mastodon.art.ap.brid.gy
ahnik.meow.social.ap.brid.gy,https://bsky.app/profile/ahnik.meow.social.ap.brid.gy
EddieSynthWere.meow.social.ap.brid.gy,https://bsky.app/profile/EddieSynthWere.meow.social.ap.brid.gy
Fellfallow.meow.social.ap.brid.gy,https://bsky.app/profile/Fellfallow.meow.social.ap.brid.gy
corraven.mastodon.social.ap.brid.gy,https://bsky.app/profile/corraven.mastodon.social.ap.brid.gy
esher.meow.social.ap.brid.gy,https://bsky.app/profile/esher.meow.social.ap.brid.gy
SnapJaw.mastodon.social.ap.brid.gy,https://bsky.app/profile/SnapJaw.mastodon.social.ap.brid.gy
PuzzledJayPros.meow.social.ap.brid.gy,https://bsky.app/profile/PuzzledJayPros.meow.social.ap.brid.gy
Cayy.mastodon.art.ap.brid.gy,https://bsky.app/profile/Cayy.mastodon.art.ap.brid.gy
ArcherMouse.transfur.social.ap.brid.gy,https://bsky.app/profile/ArcherMouse.transfur.social.ap.brid.gy
PuffyPawsToys.mastodon.social.ap.brid.gy,https://bsky.app/profile/PuffyPawsToys.mastodon.social.ap.brid.gy
Resonite.mastodon.social.ap.brid.gy,https://bsky.app/profile/Resonite.mastodon.social.ap.brid.gy
evalion.furries.club.ap.brid.gy,https://bsky.app/profile/evalion.furries.club.ap.brid.gy
panegyr.meow.social.ap.brid.gy,https://bsky.app/profile/panegyr.meow.social.ap.brid.gy
reeseikena.mastodon.social.ap.brid.gy,https://bsky.app/profile/reeseikena.mastodon.social.ap.brid.gy
CorruptedFox.meow.social.ap.brid.gy,https://bsky.app/profile/CorruptedFox.meow.social.ap.brid.gy
Starburst_Shark.rubber.social.ap.brid.gy,https://bsky.app/profile/Starburst_Shark.rubber.social.ap.brid.gy
Lean_theDragon.rubber.social.ap.brid.gy,https://bsky.app/profile/Lean_theDragon.rubber.social.ap.brid.gy
alexashwolfe.meow.social.ap.brid.gy,https://bsky.app/profile/alexashwolfe.meow.social.ap.brid.gy
NatOneSave.rubber.social.ap.brid.gy,https://bsky.app/profile/NatOneSave.rubber.social.ap.brid.gy
gkd.lemmy.ml.ap.brid.gy,https://bsky.app/profile/gkd.lemmy.ml.ap.brid.gy
ka92.misskey.design.ap.brid.gy,https://bsky.app/profile/ka92.misskey.design.ap.brid.gy
kamuniak.finfur.net.ap.brid.gy,https://bsky.app/profile/kamuniak.finfur.net.ap.brid.gy
madar_10.kemonodon.club.ap.brid.gy,https://bsky.app/profile/madar_10.kemonodon.club.ap.brid.gy
colondhappyface.claws.blue.ap.brid.gy,https://bsky.app/profile/colondhappyface.claws.blue.ap.brid.gy
funny.wetdry.world.ap.brid.gy,https://bsky.app/profile/funny.wetdry.world.ap.brid.gy
squishfox.yiff.life.ap.brid.gy,https://bsky.app/profile/squishfox.yiff.life.ap.brid.gy
APoD.botsin.space.ap.brid.gy,https://bsky.app/profile/APoD.botsin.space.ap.brid.gy
Stellos.plush.city.ap.brid.gy,https://bsky.app/profile/Stellos.plush.city.ap.brid.gy
Nicoreda.socel.net.ap.brid.gy,https://bsky.app/profile/Nicoreda.socel.net.ap.brid.gy
fleece.pixelfed.social.ap.brid.gy,https://bsky.app/profile/fleece.pixelfed.social.ap.brid.gy
jasonmutt.meow.social.ap.brid.gy,https://bsky.app/profile/jasonmutt.meow.social.ap.brid.gy
Curibawl.misskey.io.ap.brid.gy,https://bsky.app/profile/Curibawl.misskey.io.ap.brid.gy
Wat.transfur.social.ap.brid.gy,https://bsky.app/profile/Wat.transfur.social.ap.brid.gy
obsidian.mas.to.ap.brid.gy,https://bsky.app/profile/obsidian.mas.to.ap.brid.gy
Malfaren.furries.club.ap.brid.gy,https://bsky.app/profile/Malfaren.furries.club.ap.brid.gy
duncan.fursuits.online.ap.brid.gy,https://bsky.app/profile/duncan.fursuits.online.ap.brid.gy
livinglatex.rubber.social.ap.brid.gy,https://bsky.app/profile/livinglatex.rubber.social.ap.brid.gy
qwertational.meow.social.ap.brid.gy,https://bsky.app/profile/qwertational.meow.social.ap.brid.gy
neop.mstdn.social.ap.brid.gy,https://bsky.app/profile/neop.mstdn.social.ap.brid.gy
earfolds.earfolds.com.ap.brid.gy,https://bsky.app/profile/earfolds.earfolds.com.ap.brid.gy
KitsuneTeej.pawb.fun.ap.brid.gy,https://bsky.app/profile/KitsuneTeej.pawb.fun.ap.brid.gy
theamazingkodi.fursuit.social.ap.brid.gy,https://bsky.app/profile/theamazingkodi.fursuit.social.ap.brid.gy
levi.derg.one.ap.brid.gy,https://bsky.app/profile/levi.derg.one.ap.brid.gy
Pony.social.planetelysium.com.ap.brid.gy,https://bsky.app/profile/Pony.social.planetelysium.com.ap.brid.gy
itwillbefine.stop.voring.me.ap.brid.gy,https://bsky.app/profile/itwillbefine.stop.voring.me.ap.brid.gy
martinisoft.furry.engineer.ap.brid.gy,https://bsky.app/profile/martinisoft.furry.engineer.ap.brid.gy
Skulldog.socel.net.ap.brid.gy,https://bsky.app/profile/Skulldog.socel.net.ap.brid.gy
AmarokYote.packmates.org.ap.brid.gy,https://bsky.app/profile/AmarokYote.packmates.org.ap.brid.gy
Tuzzleton.blimps.xyz.ap.brid.gy,https://bsky.app/profile/Tuzzleton.blimps.xyz.ap.brid.gy
crinklefox.cubhub.social.ap.brid.gy,https://bsky.app/profile/crinklefox.cubhub.social.ap.brid.gy
Carlarzall.bark.lgbt.ap.brid.gy,https://bsky.app/profile/Carlarzall.bark.lgbt.ap.brid.gy
royz.mastodon.social.ap.brid.gy,https://bsky.app/profile/royz.mastodon.social.ap.brid.gy
Redfuchs.furries.club.ap.brid.gy,https://bsky.app/profile/Redfuchs.furries.club.ap.brid.gy
raccattack.blimps.xyz.ap.brid.gy,https://bsky.app/profile/raccattack.blimps.xyz.ap.brid.gy
Bleatrkropotkin.blimps.xyz.ap.brid.gy,https://bsky.app/profile/Bleatrkropotkin.blimps.xyz.ap.brid.gy
Avalanche.macrofurs.social.ap.brid.gy,https://bsky.app/profile/Avalanche.macrofurs.social.ap.brid.gy
Latte_fox.pawb.fun.ap.brid.gy,https://bsky.app/profile/Latte_fox.pawb.fun.ap.brid.gy
hr_bananabird.mastodon.art.ap.brid.gy,https://bsky.app/profile/hr_bananabird.mastodon.art.ap.brid.gy
inari.squeaky.social.ap.brid.gy,https://bsky.app/profile/inari.squeaky.social.ap.brid.gy
kakurady.fursuits.online.ap.brid.gy,https://bsky.app/profile/kakurady.fursuits.online.ap.brid.gy
Timberpuppers.fursuits.online.ap.brid.gy,https://bsky.app/profile/Timberpuppers.fursuits.online.ap.brid.gy
hexlatex.xantronix.social.ap.brid.gy,https://bsky.app/profile/hexlatex.xantronix.social.ap.brid.gy
Chark.tiggi.es.ap.brid.gy,https://bsky.app/profile/Chark.tiggi.es.ap.brid.gy
drakkor.furries.club.ap.brid.gy,https://bsky.app/profile/drakkor.furries.club.ap.brid.gy
Boke_.mastodon.cloud.ap.brid.gy,https://bsky.app/profile/Boke_.mastodon.cloud.ap.brid.gy
coltofox.fox.yt.ap.brid.gy,https://bsky.app/profile/coltofox.fox.yt.ap.brid.gy
fen.yiff.life.ap.brid.gy,https://bsky.app/profile/fen.yiff.life.ap.brid.gy
Junesekai.wobbl.xyz.ap.brid.gy,https://bsky.app/profile/Junesekai.wobbl.xyz.ap.brid.gy
methfred.pounced-on.me.ap.brid.gy,https://bsky.app/profile/methfred.pounced-on.me.ap.brid.gy
merpderp.sergal.org.ap.brid.gy,https://bsky.app/profile/merpderp.sergal.org.ap.brid.gy
AzuleCFulf.blimps.xyz.ap.brid.gy,https://bsky.app/profile/AzuleCFulf.blimps.xyz.ap.brid.gy
bengal0.tigr.dad.ap.brid.gy,https://bsky.app/profile/bengal0.tigr.dad.ap.brid.gy
stephan.social.stephanbradshaw.com.ap.brid.gy,https://bsky.app/profile/stephan.social.stephanbradshaw.com.ap.brid.gy
lupomancer.pawb.social.ap.brid.gy,https://bsky.app/profile/lupomancer.pawb.social.ap.brid.gy
Ductapedummy.fursuits.online.ap.brid.gy,https://bsky.app/profile/Ductapedummy.fursuits.online.ap.brid.gy
eviljackcarver.meow.social.ap.brid.gy,https://bsky.app/profile/eviljackcarver.meow.social.ap.brid.gy
irenej.drg.nz.ap.brid.gy,https://bsky.app/profile/irenej.drg.nz.ap.brid.gy
lupestripe.meow.social.ap.brid.gy,https://bsky.app/profile/lupestripe.meow.social.ap.brid.gy
NormalExisting.furry.engineer.ap.brid.gy,https://bsky.app/profile/NormalExisting.furry.engineer.ap.brid.gy
toystoat.rubber.social.ap.brid.gy,https://bsky.app/profile/toystoat.rubber.social.ap.brid.gy
Impzbot.glaceon.social.ap.brid.gy,https://bsky.app/profile/Impzbot.glaceon.social.ap.brid.gy
dirtybirdseiko.yiff.life.ap.brid.gy,https://bsky.app/profile/dirtybirdseiko.yiff.life.ap.brid.gy
DiggityDogDingo.mastodon.art.ap.brid.gy,https://bsky.app/profile/DiggityDogDingo.mastodon.art.ap.brid.gy
256.mastodon.social.ap.brid.gy,https://bsky.app/profile/256.mastodon.social.ap.brid.gy
somnius.merveilles.town.ap.brid.gy,https://bsky.app/profile/somnius.merveilles.town.ap.brid.gy
KlagaSkunk.rubber.social.ap.brid.gy,https://bsky.app/profile/KlagaSkunk.rubber.social.ap.brid.gy
sojo_yote.furries.club.ap.brid.gy,https://bsky.app/profile/sojo_yote.furries.club.ap.brid.gy
snoo.bark.lgbt.ap.brid.gy,https://bsky.app/profile/snoo.bark.lgbt.ap.brid.gy
LizardBird.squawk.social.ap.brid.gy,https://bsky.app/profile/LizardBird.squawk.social.ap.brid.gy
leaf.furry.engineer.ap.brid.gy,https://bsky.app/profile/leaf.furry.engineer.ap.brid.gy
CozyConOnline.furrycon.social.ap.brid.gy,https://bsky.app/profile/CozyConOnline.furrycon.social.ap.brid.gy
Temrin.mastodon.art.ap.brid.gy,https://bsky.app/profile/Temrin.mastodon.art.ap.brid.gy
JossOrca.mastodon.art.ap.brid.gy,https://bsky.app/profile/JossOrca.mastodon.art.ap.brid.gy
Spottycheeks.furries.club.ap.brid.gy,https://bsky.app/profile/Spottycheeks.furries.club.ap.brid.gy
aryrinn.furries.club.ap.brid.gy,https://bsky.app/profile/aryrinn.furries.club.ap.brid.gy
KantexArt.furries.club.ap.brid.gy,https://bsky.app/profile/KantexArt.furries.club.ap.brid.gy
nitrosimi96.meow.social.ap.brid.gy,https://bsky.app/profile/nitrosimi96.meow.social.ap.brid.gy
MelloFox.cubhub.social.ap.brid.gy,https://bsky.app/profile/MelloFox.cubhub.social.ap.brid.gy
JeriLRyan.mastodon.world.ap.brid.gy,https://bsky.app/profile/JeriLRyan.mastodon.world.ap.brid.gy
grump.hom.ph.ap.brid.gy,https://bsky.app/profile/grump.hom.ph.ap.brid.gy
Rifka.rubber.social.ap.brid.gy,https://bsky.app/profile/Rifka.rubber.social.ap.brid.gy
hariette.tech.lgbt.ap.brid.gy,https://bsky.app/profile/hariette.tech.lgbt.ap.brid.gy
CamashRed.furry.energy.ap.brid.gy,https://bsky.app/profile/CamashRed.furry.energy.ap.brid.gy
keliff.plush.city.ap.brid.gy,https://bsky.app/profile/keliff.plush.city.ap.brid.gy
kianga.furry.band.ap.brid.gy,https://bsky.app/profile/kianga.furry.band.ap.brid.gy
Sqrl.blimps.xyz.ap.brid.gy,https://bsky.app/profile/Sqrl.blimps.xyz.ap.brid.gy
Atpaw.meow.social.ap.brid.gy,https://bsky.app/profile/Atpaw.meow.social.ap.brid.gy
Extormus.rawr.space.ap.brid.gy,https://bsky.app/profile/Extormus.rawr.space.ap.brid.gy
SindPearl.blimps.xyz.ap.brid.gy,https://bsky.app/profile/SindPearl.blimps.xyz.ap.brid.gy
flink.furries.club.ap.brid.gy,https://bsky.app/profile/flink.furries.club.ap.brid.gy
jesusrp98.lemmy.world.ap.brid.gy,https://bsky.app/profile/jesusrp98.lemmy.world.ap.brid.gy
heyheymomo.socel.net.ap.brid.gy,https://bsky.app/profile/heyheymomo.socel.net.ap.brid.gy
twigmouse.fursuits.online.ap.brid.gy,https://bsky.app/profile/twigmouse.fursuits.online.ap.brid.gy
christianselig.mastodon.social.ap.brid.gy,https://bsky.app/profile/christianselig.mastodon.social.ap.brid.gy
howliteart.mastodon.art.ap.brid.gy,https://bsky.app/profile/howliteart.mastodon.art.ap.brid.gy
Rheesthefox.furries.club.ap.brid.gy,https://bsky.app/profile/Rheesthefox.furries.club.ap.brid.gy
Kolbalt.blimps.xyz.ap.brid.gy,https://bsky.app/profile/Kolbalt.blimps.xyz.ap.brid.gy
GreatestTrek.friendsofdesoto.social.ap.brid.gy,https://bsky.app/profile/GreatestTrek.friendsofdesoto.social.ap.brid.gy
viia.meow.social.ap.brid.gy,https://bsky.app/profile/viia.meow.social.ap.brid.gy
lint.pawb.fun.ap.brid.gy,https://bsky.app/profile/lint.pawb.fun.ap.brid.gy
skyler.furry.engineer.ap.brid.gy,https://bsky.app/profile/skyler.furry.engineer.ap.brid.gy
matttwood.mastodon.gamedev.place.ap.brid.gy,https://bsky.app/profile/matttwood.mastodon.gamedev.place.ap.brid.gy
AeroFox64.fox.yt.ap.brid.gy,https://bsky.app/profile/AeroFox64.fox.yt.ap.brid.gy
slimedrops.mastodon.social.ap.brid.gy,https://bsky.app/profile/slimedrops.mastodon.social.ap.brid.gy
PaintedDurian.mstdn.social.ap.brid.gy,https://bsky.app/profile/PaintedDurian.mstdn.social.ap.brid.gy
hornyforgi.forgi.social.ap.brid.gy,https://bsky.app/profile/hornyforgi.forgi.social.ap.brid.gy
NightlineZ.meow.social.ap.brid.gy,https://bsky.app/profile/NightlineZ.meow.social.ap.brid.gy
MonsterHoggArt.meow.social.ap.brid.gy,https://bsky.app/profile/MonsterHoggArt.meow.social.ap.brid.gy
px.bears.town.ap.brid.gy,https://bsky.app/profile/px.bears.town.ap.brid.gy
KayOhtie.blimps.xyz.ap.brid.gy,https://bsky.app/profile/KayOhtie.blimps.xyz.ap.brid.gy
amy.jawns.club.ap.brid.gy,https://bsky.app/profile/amy.jawns.club.ap.brid.gy
JinTheGator.blimps.xyz.ap.brid.gy,https://bsky.app/profile/JinTheGator.blimps.xyz.ap.brid.gy
fluxom_art.octodon.social.ap.brid.gy,https://bsky.app/profile/fluxom_art.octodon.social.ap.brid.gy
heroboof.yiff.life.ap.brid.gy,https://bsky.app/profile/heroboof.yiff.life.ap.brid.gy
Ripsa.mastodon.art.ap.brid.gy,https://bsky.app/profile/Ripsa.mastodon.art.ap.brid.gy
tazrir.meow.social.ap.brid.gy,https://bsky.app/profile/tazrir.meow.social.ap.brid.gy
Jekkies.fursuits.online.ap.brid.gy,https://bsky.app/profile/Jekkies.fursuits.online.ap.brid.gy
alopex.furries.club.ap.brid.gy,https://bsky.app/profile/alopex.furries.club.ap.brid.gy
ShinigamiGirl.furries.club.ap.brid.gy,https://bsky.app/profile/ShinigamiGirl.furries.club.ap.brid.gy
gryphon.dragonchat.org.ap.brid.gy,https://bsky.app/profile/gryphon.dragonchat.org.ap.brid.gy
lucasundeen.furries.club.ap.brid.gy,https://bsky.app/profile/lucasundeen.furries.club.ap.brid.gy
monarobot.mastodon.art.ap.brid.gy,https://bsky.app/profile/monarobot.mastodon.art.ap.brid.gy
BenjaminAhr.mastodon.social.ap.brid.gy,https://bsky.app/profile/BenjaminAhr.mastodon.social.ap.brid.gy
MagnificentChari.meow.social.ap.brid.gy,https://bsky.app/profile/MagnificentChari.meow.social.ap.brid.gy
norzman.furries.club.ap.brid.gy,https://bsky.app/profile/norzman.furries.club.ap.brid.gy
GordonFawks.rubber.social.ap.brid.gy,https://bsky.app/profile/GordonFawks.rubber.social.ap.brid.gy
PantheraPalm.sunny.garden.ap.brid.gy,https://bsky.app/profile/PantheraPalm.sunny.garden.ap.brid.gy
atkelar.meow.social.ap.brid.gy,https://bsky.app/profile/atkelar.meow.social.ap.brid.gy
BenjiBat.meow.social.ap.brid.gy,https://bsky.app/profile/BenjiBat.meow.social.ap.brid.gy
ultimus.furry.engineer.ap.brid.gy,https://bsky.app/profile/ultimus.furry.engineer.ap.brid.gy
Starrffax.chitter.xyz.ap.brid.gy,https://bsky.app/profile/Starrffax.chitter.xyz.ap.brid.gy
tilondrion.dragonchat.org.ap.brid.gy,https://bsky.app/profile/tilondrion.dragonchat.org.ap.brid.gy
cargo.meow.social.ap.brid.gy,https://bsky.app/profile/cargo.meow.social.ap.brid.gy
davidimel.mastodon.social.ap.brid.gy,https://bsky.app/profile/davidimel.mastodon.social.ap.brid.gy
ParmesanPapi17.hachyderm.io.ap.brid.gy,https://bsky.app/profile/ParmesanPapi17.hachyderm.io.ap.brid.gy
Chiswick.fursuits.online.ap.brid.gy,https://bsky.app/profile/Chiswick.fursuits.online.ap.brid.gy
Talcott.chitter.xyz.ap.brid.gy,https://bsky.app/profile/Talcott.chitter.xyz.ap.brid.gy
berkanowolf.meow.social.ap.brid.gy,https://bsky.app/profile/berkanowolf.meow.social.ap.brid.gy
AutumnDork.meow.social.ap.brid.gy,https://bsky.app/profile/AutumnDork.meow.social.ap.brid.gy
hollud.furry.horse.ap.brid.gy,https://bsky.app/profile/hollud.furry.horse.ap.brid.gy
neweinstein.meow.social.ap.brid.gy,https://bsky.app/profile/neweinstein.meow.social.ap.brid.gy
snepshots.photog.social.ap.brid.gy,https://bsky.app/profile/snepshots.photog.social.ap.brid.gy
Delgarex.macrofurs.social.ap.brid.gy,https://bsky.app/profile/Delgarex.macrofurs.social.ap.brid.gy
keirFox.furry.engineer.ap.brid.gy,https://bsky.app/profile/keirFox.furry.engineer.ap.brid.gy
nyurakim.mastodon.art.ap.brid.gy,https://bsky.app/profile/nyurakim.mastodon.art.ap.brid.gy
SprocketTheDragon.meow.social.ap.brid.gy,https://bsky.app/profile/SprocketTheDragon.meow.social.ap.brid.gy
Jeyrolami.meow.social.ap.brid.gy,https://bsky.app/profile/Jeyrolami.meow.social.ap.brid.gy
Sorbaie.meow.social.ap.brid.gy,https://bsky.app/profile/Sorbaie.meow.social.ap.brid.gy
tombofnull.voidwood.online.ap.brid.gy,https://bsky.app/profile/tombofnull.voidwood.online.ap.brid.gy
furan.rubber.social.ap.brid.gy,https://bsky.app/profile/furan.rubber.social.ap.brid.gy
unlobito.woof.tech.ap.brid.gy,https://bsky.app/profile/unlobito.woof.tech.ap.brid.gy
glitch.meow.social.ap.brid.gy,https://bsky.app/profile/glitch.meow.social.ap.brid.gy
anubis.rubber.social.ap.brid.gy,https://bsky.app/profile/anubis.rubber.social.ap.brid.gy
Corg.rubber.social.ap.brid.gy,https://bsky.app/profile/Corg.rubber.social.ap.brid.gy
akaro.rubber.social.ap.brid.gy,https://bsky.app/profile/akaro.rubber.social.ap.brid.gy
BoozyBadger.meow.social.ap.brid.gy,https://bsky.app/profile/BoozyBadger.meow.social.ap.brid.gy
brokken.pawb.fun.ap.brid.gy,https://bsky.app/profile/brokken.pawb.fun.ap.brid.gy
crazy_pony.rubber.social.ap.brid.gy,https://bsky.app/profile/crazy_pony.rubber.social.ap.brid.gy
leggy2fast.kangaroo.to.ap.brid.gy,https://bsky.app/profile/leggy2fast.kangaroo.to.ap.brid.gy
RubySqueakbird.rubber.social.ap.brid.gy,https://bsky.app/profile/RubySqueakbird.rubber.social.ap.brid.gy
PDragonmage.rubber.social.ap.brid.gy,https://bsky.app/profile/PDragonmage.rubber.social.ap.brid.gy
Ninji.wuffs.org.ap.brid.gy,https://bsky.app/profile/Ninji.wuffs.org.ap.brid.gy
zephyrus.macrofurs.social.ap.brid.gy,https://bsky.app/profile/zephyrus.macrofurs.social.ap.brid.gy
kyellgold.furries.club.ap.brid.gy,https://bsky.app/profile/kyellgold.furries.club.ap.brid.gy
AlexDachshund.fursuits.online.ap.brid.gy,https://bsky.app/profile/AlexDachshund.fursuits.online.ap.brid.gy
HeartReactorTwo.furries.club.ap.brid.gy,https://bsky.app/profile/HeartReactorTwo.furries.club.ap.brid.gy
confusedyeen.meow.social.ap.brid.gy,https://bsky.app/profile/confusedyeen.meow.social.ap.brid.gy
DickArmDaryl.meow.social.ap.brid.gy,https://bsky.app/profile/DickArmDaryl.meow.social.ap.brid.gy
Fumibat.meow.social.ap.brid.gy,https://bsky.app/profile/Fumibat.meow.social.ap.brid.gy
maneymaw.macrofurs.social.ap.brid.gy,https://bsky.app/profile/maneymaw.macrofurs.social.ap.brid.gy
shiriko.gulp.cafe.ap.brid.gy,https://bsky.app/profile/shiriko.gulp.cafe.ap.brid.gy
GlassShine.meow.social.ap.brid.gy,https://bsky.app/profile/GlassShine.meow.social.ap.brid.gy
dreamerhyena.cackl.io.ap.brid.gy,https://bsky.app/profile/dreamerhyena.cackl.io.ap.brid.gy
laxdragon.cyberfurz.social.ap.brid.gy,https://bsky.app/profile/laxdragon.cyberfurz.social.ap.brid.gy
ArvoTheBlueJay.meow.social.ap.brid.gy,https://bsky.app/profile/ArvoTheBlueJay.meow.social.ap.brid.gy
ShindenWolf.blimps.xyz.ap.brid.gy,https://bsky.app/profile/ShindenWolf.blimps.xyz.ap.brid.gy
cosmo.furry.engineer.ap.brid.gy,https://bsky.app/profile/cosmo.furry.engineer.ap.brid.gy
TyHusky.meow.social.ap.brid.gy,https://bsky.app/profile/TyHusky.meow.social.ap.brid.gy
batbeeps.chitter.xyz.ap.brid.gy,https://bsky.app/profile/batbeeps.chitter.xyz.ap.brid.gy
ArtPawsum.meow.social.ap.brid.gy,https://bsky.app/profile/ArtPawsum.meow.social.ap.brid.gy
aisuart.bird.makeup.ap.brid.gy,https://bsky.app/profile/aisuart.bird.makeup.ap.brid.gy
syfaro.foxesare.sexy.ap.brid.gy,https://bsky.app/profile/syfaro.foxesare.sexy.ap.brid.gy
grion.meow.social.ap.brid.gy,https://bsky.app/profile/grion.meow.social.ap.brid.gy
VINTLRKDLAS.kemonodon.club.ap.brid.gy,https://bsky.app/profile/VINTLRKDLAS.kemonodon.club.ap.brid.gy
ccartstuff.mastodon.art.ap.brid.gy,https://bsky.app/profile/ccartstuff.mastodon.art.ap.brid.gy
snergal.furries.club.ap.brid.gy,https://bsky.app/profile/snergal.furries.club.ap.brid.gy
Televassi.meow.social.ap.brid.gy,https://bsky.app/profile/Televassi.meow.social.ap.brid.gy
Ranfox.plush.city.ap.brid.gy,https://bsky.app/profile/Ranfox.plush.city.ap.brid.gy
Tauss_Srgl.mastodon.social.ap.brid.gy,https://bsky.app/profile/Tauss_Srgl.mastodon.social.ap.brid.gy
Viper.meow.social.ap.brid.gy,https://bsky.app/profile/Viper.meow.social.ap.brid.gy
jjbbllkk.mastodon.social.ap.brid.gy,https://bsky.app/profile/jjbbllkk.mastodon.social.ap.brid.gy
Stormeko.meemu.org.ap.brid.gy,https://bsky.app/profile/Stormeko.meemu.org.ap.brid.gy
jrjresq.stop.voring.me.ap.brid.gy,https://bsky.app/profile/jrjresq.stop.voring.me.ap.brid.gy
Noir.cyberfurz.social.ap.brid.gy,https://bsky.app/profile/Noir.cyberfurz.social.ap.brid.gy
Purple.woof.tech.ap.brid.gy,https://bsky.app/profile/Purple.woof.tech.ap.brid.gy
TheDharevCat.meow.social.ap.brid.gy,https://bsky.app/profile/TheDharevCat.meow.social.ap.brid.gy
StormChasingKai.meow.social.ap.brid.gy,https://bsky.app/profile/StormChasingKai.meow.social.ap.brid.gy
DareLooks.meow.social.ap.brid.gy,https://bsky.app/profile/DareLooks.meow.social.ap.brid.gy
Wiesel.meow.social.ap.brid.gy,https://bsky.app/profile/Wiesel.meow.social.ap.brid.gy
Saki.rubber.social.ap.brid.gy,https://bsky.app/profile/Saki.rubber.social.ap.brid.gy
sekka.shark.community.ap.brid.gy,https://bsky.app/profile/sekka.shark.community.ap.brid.gy
ezratoonuki.wobbl.xyz.ap.brid.gy,https://bsky.app/profile/ezratoonuki.wobbl.xyz.ap.brid.gy
balorkin.eldritch.cafe.ap.brid.gy,https://bsky.app/profile/balorkin.eldritch.cafe.ap.brid.gy
kyroraz.rubberdr.one.ap.brid.gy,https://bsky.app/profile/kyroraz.rubberdr.one.ap.brid.gy
erin_kitsune.meow.social.ap.brid.gy,https://bsky.app/profile/erin_kitsune.meow.social.ap.brid.gy
Vysel.rubber.social.ap.brid.gy,https://bsky.app/profile/Vysel.rubber.social.ap.brid.gy
Alistor.plush.city.ap.brid.gy,https://bsky.app/profile/Alistor.plush.city.ap.brid.gy
charonfaustinus.social.floofyplasma.com.ap.brid.gy,https://bsky.app/profile/charonfaustinus.social.floofyplasma.com.ap.brid.gy
DrBorisPhD.rubber.social.ap.brid.gy,https://bsky.app/profile/DrBorisPhD.rubber.social.ap.brid.gy
KovuCougar.meow.social.ap.brid.gy,https://bsky.app/profile/KovuCougar.meow.social.ap.brid.gy
ByranHusky.meow.social.ap.brid.gy,https://bsky.app/profile/ByranHusky.meow.social.ap.brid.gy
RyTiger.meow.social.ap.brid.gy,https://bsky.app/profile/RyTiger.meow.social.ap.brid.gy
jaycostumes.bark.lgbt.ap.brid.gy,https://bsky.app/profile/jaycostumes.bark.lgbt.ap.brid.gy
FaultBat.chitter.xyz.ap.brid.gy,https://bsky.app/profile/FaultBat.chitter.xyz.ap.brid.gy
godbirdart.mastodon.art.ap.brid.gy,https://bsky.app/profile/godbirdart.mastodon.art.ap.brid.gy
raigho.huskies.online.ap.brid.gy,https://bsky.app/profile/raigho.huskies.online.ap.brid.gy
ThreeBodyBot.botsin.space.ap.brid.gy,https://bsky.app/profile/ThreeBodyBot.botsin.space.ap.brid.gy
fursonalities.fuzzytacular.net.ap.brid.gy,https://bsky.app/profile/fursonalities.fuzzytacular.net.ap.brid.gy
thygrrr.tiggi.es.ap.brid.gy,https://bsky.app/profile/thygrrr.tiggi.es.ap.brid.gy
xianfox.foxden.social.ap.brid.gy,https://bsky.app/profile/xianfox.foxden.social.ap.brid.gy
EranMorkon.sergal.org.ap.brid.gy,https://bsky.app/profile/EranMorkon.sergal.org.ap.brid.gy
RubberSqueakRat.rubber.social.ap.brid.gy,https://bsky.app/profile/RubberSqueakRat.rubber.social.ap.brid.gy
SterlingGryph.meow.social.ap.brid.gy,https://bsky.app/profile/SterlingGryph.meow.social.ap.brid.gy
Sebastian.kangaroo.to.ap.brid.gy,https://bsky.app/profile/Sebastian.kangaroo.to.ap.brid.gy
autumnfox.meow.social.ap.brid.gy,https://bsky.app/profile/autumnfox.meow.social.ap.brid.gy
Foxdotgif.furry.engineer.ap.brid.gy,https://bsky.app/profile/Foxdotgif.furry.engineer.ap.brid.gy
binaryfox.furry.engineer.ap.brid.gy,https://bsky.app/profile/binaryfox.furry.engineer.ap.brid.gy
dogweapon.meow.social.ap.brid.gy,https://bsky.app/profile/dogweapon.meow.social.ap.brid.gy
jupiter.mastodon.gamedev.place.ap.brid.gy,https://bsky.app/profile/jupiter.mastodon.gamedev.place.ap.brid.gy
ateliersento.mastodon.art.ap.brid.gy,https://bsky.app/profile/ateliersento.mastodon.art.ap.brid.gy
Frolic.furries.club.ap.brid.gy,https://bsky.app/profile/Frolic.furries.club.ap.brid.gy
tursilion.furries.club.ap.brid.gy,https://bsky.app/profile/tursilion.furries.club.ap.brid.gy
lashman.pixelfed.social.ap.brid.gy,https://bsky.app/profile/lashman.pixelfed.social.ap.brid.gy
muellermeier.bark.lgbt.ap.brid.gy,https://bsky.app/profile/muellermeier.bark.lgbt.ap.brid.gy
mangoisland.pawb.fun.ap.brid.gy,https://bsky.app/profile/mangoisland.pawb.fun.ap.brid.gy
RudolfWolph.forgi.social.ap.brid.gy,https://bsky.app/profile/RudolfWolph.forgi.social.ap.brid.gy
Westhoff.bears.town.ap.brid.gy,https://bsky.app/profile/Westhoff.bears.town.ap.brid.gy
thumper.bunny.social.ap.brid.gy,https://bsky.app/profile/thumper.bunny.social.ap.brid.gy
Akulatraxas.meow.social.ap.brid.gy,https://bsky.app/profile/Akulatraxas.meow.social.ap.brid.gy
Kinetic.meow.social.ap.brid.gy,https://bsky.app/profile/Kinetic.meow.social.ap.brid.gy
Pyxaron.dragonchat.org.ap.brid.gy,https://bsky.app/profile/Pyxaron.dragonchat.org.ap.brid.gy
dingensen.mastodon.art.ap.brid.gy,https://bsky.app/profile/dingensen.mastodon.art.ap.brid.gy
dinosaurgerms.furries.club.ap.brid.gy,https://bsky.app/profile/dinosaurgerms.furries.club.ap.brid.gy
breve.furry.engineer.ap.brid.gy,https://bsky.app/profile/breve.furry.engineer.ap.brid.gy
crashdoom.furry.engineer.ap.brid.gy,https://bsky.app/profile/crashdoom.furry.engineer.ap.brid.gy
DWCMarshalArts.meow.social.ap.brid.gy,https://bsky.app/profile/DWCMarshalArts.meow.social.ap.brid.gy
KalTheDingo.meow.social.ap.brid.gy,https://bsky.app/profile/KalTheDingo.meow.social.ap.brid.gy
madefuryou.kangaroo.to.ap.brid.gy,https://bsky.app/profile/madefuryou.kangaroo.to.ap.brid.gy
BlueHunterART.meow.social.ap.brid.gy,https://bsky.app/profile/BlueHunterART.meow.social.ap.brid.gy
stasanie.mastodon.art.ap.brid.gy,https://bsky.app/profile/stasanie.mastodon.art.ap.brid.gy
pbj.blimps.xyz.ap.brid.gy,https://bsky.app/profile/pbj.blimps.xyz.ap.brid.gy
sylvia_ritter.mastodon.social.ap.brid.gy,https://bsky.app/profile/sylvia_ritter.mastodon.social.ap.brid.gy
pxrxselene.blimps.xyz.ap.brid.gy,https://bsky.app/profile/pxrxselene.blimps.xyz.ap.brid.gy
Ravtrag.meow.social.ap.brid.gy,https://bsky.app/profile/Ravtrag.meow.social.ap.brid.gy
Sinabu.temple.silveranubis.com.ap.brid.gy,https://bsky.app/profile/Sinabu.temple.silveranubis.com.ap.brid.gy
JasperSparks.furries.club.ap.brid.gy,https://bsky.app/profile/JasperSparks.furries.club.ap.brid.gy
willmofield.yiff.life.ap.brid.gy,https://bsky.app/profile/willmofield.yiff.life.ap.brid.gy
chipperwolf.meow.social.ap.brid.gy,https://bsky.app/profile/chipperwolf.meow.social.ap.brid.gy
Sarakazi.fursuits.online.ap.brid.gy,https://bsky.app/profile/Sarakazi.fursuits.online.ap.brid.gy
crikeycroc.bark.lgbt.ap.brid.gy,https://bsky.app/profile/crikeycroc.bark.lgbt.ap.brid.gy
JtheSerg.sergal.org.ap.brid.gy,https://bsky.app/profile/JtheSerg.sergal.org.ap.brid.gy
SushiSusii.mastodon.art.ap.brid.gy,https://bsky.app/profile/SushiSusii.mastodon.art.ap.brid.gy
Myuphrid.mastodon.social.ap.brid.gy,https://bsky.app/profile/Myuphrid.mastodon.social.ap.brid.gy
trippytiger.tiggi.es.ap.brid.gy,https://bsky.app/profile/trippytiger.tiggi.es.ap.brid.gy
TrackerRoo.meow.social.ap.brid.gy,https://bsky.app/profile/TrackerRoo.meow.social.ap.brid.gy
protowlf.mastodon.gamedev.place.ap.brid.gy,https://bsky.app/profile/protowlf.mastodon.gamedev.place.ap.brid.gy
proxy.cyberfurz.social.ap.brid.gy,https://bsky.app/profile/proxy.cyberfurz.social.ap.brid.gy
Fozzaroo.aus.social.ap.brid.gy,https://bsky.app/profile/Fozzaroo.aus.social.ap.brid.gy
nowingsbat.macrofurs.social.ap.brid.gy,https://bsky.app/profile/nowingsbat.macrofurs.social.ap.brid.gy
DemiCreations.socel.net.ap.brid.gy,https://bsky.app/profile/DemiCreations.socel.net.ap.brid.gy
nokireindeer.meow.social.ap.brid.gy,https://bsky.app/profile/nokireindeer.meow.social.ap.brid.gy
zennith.furries.club.ap.brid.gy,https://bsky.app/profile/zennith.furries.club.ap.brid.gy
artofzod.meow.social.ap.brid.gy,https://bsky.app/profile/artofzod.meow.social.ap.brid.gy
avwuff.furries.club.ap.brid.gy,https://bsky.app/profile/avwuff.furries.club.ap.brid.gy
TheRedDragoon.meow.social.ap.brid.gy,https://bsky.app/profile/TheRedDragoon.meow.social.ap.brid.gy
floty.wobbl.xyz.ap.brid.gy,https://bsky.app/profile/floty.wobbl.xyz.ap.brid.gy
phantom.furry.engineer.ap.brid.gy,https://bsky.app/profile/phantom.furry.engineer.ap.brid.gy
tupper.mastodon.social.ap.brid.gy,https://bsky.app/profile/tupper.mastodon.social.ap.brid.gy
tater.kangaroo.to.ap.brid.gy,https://bsky.app/profile/tater.kangaroo.to.ap.brid.gy
Anubo.wobbl.xyz.ap.brid.gy,https://bsky.app/profile/Anubo.wobbl.xyz.ap.brid.gy
rfoxtail.meow.social.ap.brid.gy,https://bsky.app/profile/rfoxtail.meow.social.ap.brid.gy
Kougo.meow.social.ap.brid.gy,https://bsky.app/profile/Kougo.meow.social.ap.brid.gy
shaferbrown.mastodon.art.ap.brid.gy,https://bsky.app/profile/shaferbrown.mastodon.art.ap.brid.gy
doodlejuni.floofy.tech.ap.brid.gy,https://bsky.app/profile/doodlejuni.floofy.tech.ap.brid.gy
BejeweledBal.floofy.tech.ap.brid.gy,https://bsky.app/profile/BejeweledBal.floofy.tech.ap.brid.gy
Malky.mastodon.art.ap.brid.gy,https://bsky.app/profile/Malky.mastodon.art.ap.brid.gy
elk.webtoo.ls.ap.brid.gy,https://bsky.app/profile/elk.webtoo.ls.ap.brid.gy
gunnerrott.meow.social.ap.brid.gy,https://bsky.app/profile/gunnerrott.meow.social.ap.brid.gy
golddrake.blimps.xyz.ap.brid.gy,https://bsky.app/profile/golddrake.blimps.xyz.ap.brid.gy
SethSholf.bark.lgbt.ap.brid.gy,https://bsky.app/profile/SethSholf.bark.lgbt.ap.brid.gy
Seba_Raccoon.xn--ratatskr-r4a.de.ap.brid.gy,https://bsky.app/profile/Seba_Raccoon.xn--ratatskr-r4a.de.ap.brid.gy
Maquenda.meow.social.ap.brid.gy,https://bsky.app/profile/Maquenda.meow.social.ap.brid.gy
TyHusky.blimps.xyz.ap.brid.gy,https://bsky.app/profile/TyHusky.blimps.xyz.ap.brid.gy
Neirin.meow.social.ap.brid.gy,https://bsky.app/profile/Neirin.meow.social.ap.brid.gy
rainyote.meow.social.ap.brid.gy,https://bsky.app/profile/rainyote.meow.social.ap.brid.gy
Scales.plush.city.ap.brid.gy,https://bsky.app/profile/Scales.plush.city.ap.brid.gy
MainMandarin.mastodon.social.ap.brid.gy,https://bsky.app/profile/MainMandarin.mastodon.social.ap.brid.gy
chiropica.chitter.xyz.ap.brid.gy,https://bsky.app/profile/chiropica.chitter.xyz.ap.brid.gy
royalty.c.im.ap.brid.gy,https://bsky.app/profile/royalty.c.im.ap.brid.gy
arcturax.chitter.xyz.ap.brid.gy,https://bsky.app/profile/arcturax.chitter.xyz.ap.brid.gy
ApfelSkai.meow.social.ap.brid.gy,https://bsky.app/profile/ApfelSkai.meow.social.ap.brid.gy
ropistike.meow.social.ap.brid.gy,https://bsky.app/profile/ropistike.meow.social.ap.brid.gy
Oppiz.meow.social.ap.brid.gy,https://bsky.app/profile/Oppiz.meow.social.ap.brid.gy
AzureBat.meow.social.ap.brid.gy,https://bsky.app/profile/AzureBat.meow.social.ap.brid.gy
beherit.meow.social.ap.brid.gy,https://bsky.app/profile/beherit.meow.social.ap.brid.gy
Lennox.mastodon.social.ap.brid.gy,https://bsky.app/profile/Lennox.mastodon.social.ap.brid.gy
ahab.meow.social.ap.brid.gy,https://bsky.app/profile/ahab.meow.social.ap.brid.gy
Tano.blimps.xyz.ap.brid.gy,https://bsky.app/profile/Tano.blimps.xyz.ap.brid.gy
Sandalf.meow.social.ap.brid.gy,https://bsky.app/profile/Sandalf.meow.social.ap.brid.gy
Equinox.squawk.social.ap.brid.gy,https://bsky.app/profile/Equinox.squawk.social.ap.brid.gy
Tachgon.loutre.info.ap.brid.gy,https://bsky.app/profile/Tachgon.loutre.info.ap.brid.gy
nidthedragon.mastodon.art.ap.brid.gy,https://bsky.app/profile/nidthedragon.mastodon.art.ap.brid.gy
Kobin.yiff.life.ap.brid.gy,https://bsky.app/profile/Kobin.yiff.life.ap.brid.gy
nidoran.yiff.life.ap.brid.gy,https://bsky.app/profile/nidoran.yiff.life.ap.brid.gy
soragryphon.meow.social.ap.brid.gy,https://bsky.app/profile/soragryphon.meow.social.ap.brid.gy
Nykteros.macrofurs.social.ap.brid.gy,https://bsky.app/profile/Nykteros.macrofurs.social.ap.brid.gy
TLN_3438.rubber.social.ap.brid.gy,https://bsky.app/profile/TLN_3438.rubber.social.ap.brid.gy
Aitoskr.meow.social.ap.brid.gy,https://bsky.app/profile/Aitoskr.meow.social.ap.brid.gy
chrysanthos.meow.social.ap.brid.gy,https://bsky.app/profile/chrysanthos.meow.social.ap.brid.gy
therealcosmik.meow.social.ap.brid.gy,https://bsky.app/profile/therealcosmik.meow.social.ap.brid.gy
Dokuta_woof.rubber.social.ap.brid.gy,https://bsky.app/profile/Dokuta_woof.rubber.social.ap.brid.gy
hack13.cyberfurz.social.ap.brid.gy,https://bsky.app/profile/hack13.cyberfurz.social.ap.brid.gy
MolarFox.furry.engineer.ap.brid.gy,https://bsky.app/profile/MolarFox.furry.engineer.ap.brid.gy
hilytesaber.meow.social.ap.brid.gy,https://bsky.app/profile/hilytesaber.meow.social.ap.brid.gy
boefjim.floofy.tech.ap.brid.gy,https://bsky.app/profile/boefjim.floofy.tech.ap.brid.gy
FurryFediverse.cyberfurz.social.ap.brid.gy,https://bsky.app/profile/FurryFediverse.cyberfurz.social.ap.brid.gy
Lukar.pandapla.net.ap.brid.gy,https://bsky.app/profile/Lukar.pandapla.net.ap.brid.gy
NewtonCaribou.meow.social.ap.brid.gy,https://bsky.app/profile/NewtonCaribou.meow.social.ap.brid.gy
Garrodor.meow.social.ap.brid.gy,https://bsky.app/profile/Garrodor.meow.social.ap.brid.gy
texelsaur.meow.social.ap.brid.gy,https://bsky.app/profile/texelsaur.meow.social.ap.brid.gy
cyanroll.mastodon.art.ap.brid.gy,https://bsky.app/profile/cyanroll.mastodon.art.ap.brid.gy
kroren.furries.club.ap.brid.gy,https://bsky.app/profile/kroren.furries.club.ap.brid.gy
chiropica.meow.social.ap.brid.gy,https://bsky.app/profile/chiropica.meow.social.ap.brid.gy
foxyloon.blimps.xyz.ap.brid.gy,https://bsky.app/profile/foxyloon.blimps.xyz.ap.brid.gy
FlintFox.fox.yt.ap.brid.gy,https://bsky.app/profile/FlintFox.fox.yt.ap.brid.gy
marcknelsen.mastodon.art.ap.brid.gy,https://bsky.app/profile/marcknelsen.mastodon.art.ap.brid.gy
doni.meow.social.ap.brid.gy,https://bsky.app/profile/doni.meow.social.ap.brid.gy
zachgregoire.meow.social.ap.brid.gy,https://bsky.app/profile/zachgregoire.meow.social.ap.brid.gy
asunyra.furries.club.ap.brid.gy,https://bsky.app/profile/asunyra.furries.club.ap.brid.gy
Cataena.transfur.social.ap.brid.gy,https://bsky.app/profile/Cataena.transfur.social.ap.brid.gy
Hroar.woof.group.ap.brid.gy,https://bsky.app/profile/Hroar.woof.group.ap.brid.gy
Texan.wobbl.xyz.ap.brid.gy,https://bsky.app/profile/Texan.wobbl.xyz.ap.brid.gy
Conell.meow.social.ap.brid.gy,https://bsky.app/profile/Conell.meow.social.ap.brid.gy
kthx_kai.blimps.xyz.ap.brid.gy,https://bsky.app/profile/kthx_kai.blimps.xyz.ap.brid.gy
VermStudio.cyberfurz.social.ap.brid.gy,https://bsky.app/profile/VermStudio.cyberfurz.social.ap.brid.gy
Exindiv.chitter.xyz.ap.brid.gy,https://bsky.app/profile/Exindiv.chitter.xyz.ap.brid.gy
Floofy_Chris.meow.social.ap.brid.gy,https://bsky.app/profile/Floofy_Chris.meow.social.ap.brid.gy
Haz.rubber.social.ap.brid.gy,https://bsky.app/profile/Haz.rubber.social.ap.brid.gy
forgifuzzbutt.forgi.social.ap.brid.gy,https://bsky.app/profile/forgifuzzbutt.forgi.social.ap.brid.gy
NaughtySpotti.rubber.social.ap.brid.gy,https://bsky.app/profile/NaughtySpotti.rubber.social.ap.brid.gy
RainbowJulian.macrofurs.social.ap.brid.gy,https://bsky.app/profile/RainbowJulian.macrofurs.social.ap.brid.gy
pax.blimps.xyz.ap.brid.gy,https://bsky.app/profile/pax.blimps.xyz.ap.brid.gy
selkiesuits.meow.social.ap.brid.gy,https://bsky.app/profile/selkiesuits.meow.social.ap.brid.gy
mushketeery.meow.social.ap.brid.gy,https://bsky.app/profile/mushketeery.meow.social.ap.brid.gy
SleepyChi.pawb.fun.ap.brid.gy,https://bsky.app/profile/SleepyChi.pawb.fun.ap.brid.gy
hexperiment.furries.club.ap.brid.gy,https://bsky.app/profile/hexperiment.furries.club.ap.brid.gy
tetra.yiff.life.ap.brid.gy,https://bsky.app/profile/tetra.yiff.life.ap.brid.gy
KeelSpaceGator.fursuits.online.ap.brid.gy,https://bsky.app/profile/KeelSpaceGator.fursuits.online.ap.brid.gy
koorivlf.mastodon.art.ap.brid.gy,https://bsky.app/profile/koorivlf.mastodon.art.ap.brid.gy
breve.fursuits.online.ap.brid.gy,https://bsky.app/profile/breve.fursuits.online.ap.brid.gy
VarisArt.mastodon.art.ap.brid.gy,https://bsky.app/profile/VarisArt.mastodon.art.ap.brid.gy
vey.pawb.fun.ap.brid.gy,https://bsky.app/profile/vey.pawb.fun.ap.brid.gy
Hiyu.cyberfurz.social.ap.brid.gy,https://bsky.app/profile/Hiyu.cyberfurz.social.ap.brid.gy
KitFox.meow.social.ap.brid.gy,https://bsky.app/profile/KitFox.meow.social.ap.brid.gy
AuraPuffs.fursuits.online.ap.brid.gy,https://bsky.app/profile/AuraPuffs.fursuits.online.ap.brid.gy
MouseNoises.meow.social.ap.brid.gy,https://bsky.app/profile/MouseNoises.meow.social.ap.brid.gy
FrazzledWings.bark.lgbt.ap.brid.gy,https://bsky.app/profile/FrazzledWings.bark.lgbt.ap.brid.gy
blitzyarts.meow.social.ap.brid.gy,https://bsky.app/profile/blitzyarts.meow.social.ap.brid.gy
foxesinlove_mirror.botsin.space.ap.brid.gy,https://bsky.app/profile/foxesinlove_mirror.botsin.space.ap.brid.gy
hroar.meow.social.ap.brid.gy,https://bsky.app/profile/hroar.meow.social.ap.brid.gy
roo.kangaroo.to.ap.brid.gy,https://bsky.app/profile/roo.kangaroo.to.ap.brid.gy
otherjackal.rubber.social.ap.brid.gy,https://bsky.app/profile/otherjackal.rubber.social.ap.brid.gy
RubeusMarten.meow.social.ap.brid.gy,https://bsky.app/profile/RubeusMarten.meow.social.ap.brid.gy
alpha.alphawuff.com.ap.brid.gy,https://bsky.app/profile/alpha.alphawuff.com.ap.brid.gy
riff.meow.social.ap.brid.gy,https://bsky.app/profile/riff.meow.social.ap.brid.gy
PathHyena.meow.social.ap.brid.gy,https://bsky.app/profile/PathHyena.meow.social.ap.brid.gy
doggo.furries.club.ap.brid.gy,https://bsky.app/profile/doggo.furries.club.ap.brid.gy
tanukidad.meow.social.ap.brid.gy,https://bsky.app/profile/tanukidad.meow.social.ap.brid.gy
Syfaro.vulpine.club.ap.brid.gy,https://bsky.app/profile/Syfaro.vulpine.club.ap.brid.gy
waggerycos.fursuits.online.ap.brid.gy,https://bsky.app/profile/waggerycos.fursuits.online.ap.brid.gy
EdisonFox.socel.net.ap.brid.gy,https://bsky.app/profile/EdisonFox.socel.net.ap.brid.gy
ovenotter.kangaroo.to.ap.brid.gy,https://bsky.app/profile/ovenotter.kangaroo.to.ap.brid.gy
bearpupzak.meow.social.ap.brid.gy,https://bsky.app/profile/bearpupzak.meow.social.ap.brid.gy
ferricfox.meow.social.ap.brid.gy,https://bsky.app/profile/ferricfox.meow.social.ap.brid.gy
kcanis.fursuits.online.ap.brid.gy,https://bsky.app/profile/kcanis.fursuits.online.ap.brid.gy
yapsfox.fox.yt.ap.brid.gy,https://bsky.app/profile/yapsfox.fox.yt.ap.brid.gy
Baconcoyote.meow.social.ap.brid.gy,https://bsky.app/profile/Baconcoyote.meow.social.ap.brid.gy
ouiji.chitter.xyz.ap.brid.gy,https://bsky.app/profile/ouiji.chitter.xyz.ap.brid.gy
nightpaws.furry.energy.ap.brid.gy,https://bsky.app/profile/nightpaws.furry.energy.ap.brid.gy
greevixor.mastodon.art.ap.brid.gy,https://bsky.app/profile/greevixor.mastodon.art.ap.brid.gy
Ziggy.zig.zone.ap.brid.gy,https://bsky.app/profile/Ziggy.zig.zone.ap.brid.gy
Aroogi.wobbl.xyz.ap.brid.gy,https://bsky.app/profile/Aroogi.wobbl.xyz.ap.brid.gy
FlipIsGay.fursuits.online.ap.brid.gy,https://bsky.app/profile/FlipIsGay.fursuits.online.ap.brid.gy
BeepsFoxDragon.meow.social.ap.brid.gy,https://bsky.app/profile/BeepsFoxDragon.meow.social.ap.brid.gy
Mastodon.mastodon.social.ap.brid.gy,https://bsky.app/profile/Mastodon.mastodon.social.ap.brid.gy
tryst.meow.social.ap.brid.gy,https://bsky.app/profile/tryst.meow.social.ap.brid.gy
bluefops.fox.yt.ap.brid.gy,https://bsky.app/profile/bluefops.fox.yt.ap.brid.gy
spottacus.meow.social.ap.brid.gy,https://bsky.app/profile/spottacus.meow.social.ap.brid.gy
rubrcat.rubber.social.ap.brid.gy,https://bsky.app/profile/rubrcat.rubber.social.ap.brid.gy
SergNDerg.rubber.social.ap.brid.gy,https://bsky.app/profile/SergNDerg.rubber.social.ap.brid.gy
Peche.pups.social.ap.brid.gy,https://bsky.app/profile/Peche.pups.social.ap.brid.gy
geoholms.chitter.xyz.ap.brid.gy,https://bsky.app/profile/geoholms.chitter.xyz.ap.brid.gy
chipfoxx.meow.social.ap.brid.gy,https://bsky.app/profile/chipfoxx.meow.social.ap.brid.gy
itsOasus.pawb.fun.ap.brid.gy,https://bsky.app/profile/itsOasus.pawb.fun.ap.brid.gy
JD_Puppy.ennex.world.ap.brid.gy,https://bsky.app/profile/JD_Puppy.ennex.world.ap.brid.gy
ohmyrichard.meow.social.ap.brid.gy,https://bsky.app/profile/ohmyrichard.meow.social.ap.brid.gy
blue.blimps.xyz.ap.brid.gy,https://bsky.app/profile/blue.blimps.xyz.ap.brid.gy
FurCon.furrycon.social.ap.brid.gy,https://bsky.app/profile/FurCon.furrycon.social.ap.brid.gy
eligecos.meow.social.ap.brid.gy,https://bsky.app/profile/eligecos.meow.social.ap.brid.gy
TaniDaReal.mstdn.social.ap.brid.gy,https://bsky.app/profile/TaniDaReal.mstdn.social.ap.brid.gy
wildgasmasks.rubber.social.ap.brid.gy,https://bsky.app/profile/wildgasmasks.rubber.social.ap.brid.gy
GaleFrostbane.meow.social.ap.brid.gy,https://bsky.app/profile/GaleFrostbane.meow.social.ap.brid.gy
CyberKitsune.pawb.fun.ap.brid.gy,https://bsky.app/profile/CyberKitsune.pawb.fun.ap.brid.gy
karpour.mstdn.social.ap.brid.gy,https://bsky.app/profile/karpour.mstdn.social.ap.brid.gy
EdBCollie.pawb.fun.ap.brid.gy,https://bsky.app/profile/EdBCollie.pawb.fun.ap.brid.gy
mmmatches.meow.social.ap.brid.gy,https://bsky.app/profile/mmmatches.meow.social.ap.brid.gy
joabaldwin.mastodon.social.ap.brid.gy,https://bsky.app/profile/joabaldwin.mastodon.social.ap.brid.gy
TheFuzzFactory.fursuits.online.ap.brid.gy,https://bsky.app/profile/TheFuzzFactory.fursuits.online.ap.brid.gy
MonaApp.mastodon.social.ap.brid.gy,https://bsky.app/profile/MonaApp.mastodon.social.ap.brid.gy
caramelbunno.cubhub.social.ap.brid.gy,https://bsky.app/profile/caramelbunno.cubhub.social.ap.brid.gy
SoftSnack.fluffs.au.ap.brid.gy,https://bsky.app/profile/SoftSnack.fluffs.au.ap.brid.gy
liondogari.musky.space.ap.brid.gy,https://bsky.app/profile/liondogari.musky.space.ap.brid.gy
Buaya.meow.social.ap.brid.gy,https://bsky.app/profile/Buaya.meow.social.ap.brid.gy
Dinkysaurus.meow.social.ap.brid.gy,https://bsky.app/profile/Dinkysaurus.meow.social.ap.brid.gy
CraigWeekend.mstdn.ca.ap.brid.gy,https://bsky.app/profile/CraigWeekend.mstdn.ca.ap.brid.gy
plznuzz.pawb.fun.ap.brid.gy,https://bsky.app/profile/plznuzz.pawb.fun.ap.brid.gy
kieran.hom.ph.ap.brid.gy,https://bsky.app/profile/kieran.hom.ph.ap.brid.gy
DragonDelgar.pawb.fun.ap.brid.gy,https://bsky.app/profile/DragonDelgar.pawb.fun.ap.brid.gy
PureKoor.pawb.fun.ap.brid.gy,https://bsky.app/profile/PureKoor.pawb.fun.ap.brid.gy
frameacloud.weirder.earth.ap.brid.gy,https://bsky.app/profile/frameacloud.weirder.earth.ap.brid.gy
indigoo_dragon.rubber.social.ap.brid.gy,https://bsky.app/profile/indigoo_dragon.rubber.social.ap.brid.gy
hghydra.meow.social.ap.brid.gy,https://bsky.app/profile/hghydra.meow.social.ap.brid.gy
MainMandarin.fursuits.online.ap.brid.gy,https://bsky.app/profile/MainMandarin.fursuits.online.ap.brid.gy
nullreff.meow.social.ap.brid.gy,https://bsky.app/profile/nullreff.meow.social.ap.brid.gy
CensorRottie.yiff.life.ap.brid.gy,https://bsky.app/profile/CensorRottie.yiff.life.ap.brid.gy
Moonstalker.meow.social.ap.brid.gy,https://bsky.app/profile/Moonstalker.meow.social.ap.brid.gy
DinFleetpaw.furries.club.ap.brid.gy,https://bsky.app/profile/DinFleetpaw.furries.club.ap.brid.gy
Salivastus.furries.club.ap.brid.gy,https://bsky.app/profile/Salivastus.furries.club.ap.brid.gy
TokiFox.furries.club.ap.brid.gy,https://bsky.app/profile/TokiFox.furries.club.ap.brid.gy
mechedragon.furries.club.ap.brid.gy,https://bsky.app/profile/mechedragon.furries.club.ap.brid.gy
FibreKitty.fursuits.online.ap.brid.gy,https://bsky.app/profile/FibreKitty.fursuits.online.ap.brid.gy
BajaHyena.furries.club.ap.brid.gy,https://bsky.app/profile/BajaHyena.furries.club.ap.brid.gy
Wander.packmates.org.ap.brid.gy,https://bsky.app/profile/Wander.packmates.org.ap.brid.gy
Tav_Fox.meow.social.ap.brid.gy,https://bsky.app/profile/Tav_Fox.meow.social.ap.brid.gy
Lionel_toy.blimps.xyz.ap.brid.gy,https://bsky.app/profile/Lionel_toy.blimps.xyz.ap.brid.gy
dax.furry.engineer.ap.brid.gy,https://bsky.app/profile/dax.furry.engineer.ap.brid.gy
CoyoteTraveller.kitsunet.net.ap.brid.gy,https://bsky.app/profile/CoyoteTraveller.kitsunet.net.ap.brid.gy
werecupine.animal.business.ap.brid.gy,https://bsky.app/profile/werecupine.animal.business.ap.brid.gy
colinstu.birdbutt.com.ap.brid.gy,https://bsky.app/profile/colinstu.birdbutt.com.ap.brid.gy
Cocoeagle.birdbutt.com.ap.brid.gy,https://bsky.app/profile/Cocoeagle.birdbutt.com.ap.brid.gy
WerewolfCouncil.werebeast.net.ap.brid.gy,https://bsky.app/profile/WerewolfCouncil.werebeast.net.ap.brid.gy
Preston.tiggi.es.ap.brid.gy,https://bsky.app/profile/Preston.tiggi.es.ap.brid.gy
Sev.furry.engineer.ap.brid.gy,https://bsky.app/profile/Sev.furry.engineer.ap.brid.gy
markunread.werebeast.net.ap.brid.gy,https://bsky.app/profile/markunread.werebeast.net.ap.brid.gy
sparf.meemu.org.ap.brid.gy,https://bsky.app/profile/sparf.meemu.org.ap.brid.gy
brambu.sheppi.es.ap.brid.gy,https://bsky.app/profile/brambu.sheppi.es.ap.brid.gy
duncandahusky.redwombat.social.ap.brid.gy,https://bsky.app/profile/duncandahusky.redwombat.social.ap.brid.gy
yuu.jackal.chat.ap.brid.gy,https://bsky.app/profile/yuu.jackal.chat.ap.brid.gy
rakan.werebeast.net.ap.brid.gy,https://bsky.app/profile/rakan.werebeast.net.ap.brid.gy
tripecollie.mastodon.cloud.ap.brid.gy,https://bsky.app/profile/tripecollie.mastodon.cloud.ap.brid.gy
nywolforg.mastodon.world.ap.brid.gy,https://bsky.app/profile/nywolforg.mastodon.world.ap.brid.gy
nighteyes.meow.social.ap.brid.gy,https://bsky.app/profile/nighteyes.meow.social.ap.brid.gy
Zwiebelprinz.mastodon.art.ap.brid.gy,https://bsky.app/profile/Zwiebelprinz.mastodon.art.ap.brid.gy
SquareZer0.meow.social.ap.brid.gy,https://bsky.app/profile/SquareZer0.meow.social.ap.brid.gy
tarper24.pawsitiv.space.ap.brid.gy,https://bsky.app/profile/tarper24.pawsitiv.space.ap.brid.gy
Yotenotes.meow.social.ap.brid.gy,https://bsky.app/profile/Yotenotes.meow.social.ap.brid.gy
nikolodeon.furry.engineer.ap.brid.gy,https://bsky.app/profile/nikolodeon.furry.engineer.ap.brid.gy
derrydoberman.supertails.social.ap.brid.gy,https://bsky.app/profile/derrydoberman.supertails.social.ap.brid.gy
RustySaberWuff.meow.social.ap.brid.gy,https://bsky.app/profile/RustySaberWuff.meow.social.ap.brid.gy
keiko.furries.club.ap.brid.gy,https://bsky.app/profile/keiko.furries.club.ap.brid.gy
SmellyStrobes.meow.social.ap.brid.gy,https://bsky.app/profile/SmellyStrobes.meow.social.ap.brid.gy
robypanther.meow.social.ap.brid.gy,https://bsky.app/profile/robypanther.meow.social.ap.brid.gy
MooglePower.meow.social.ap.brid.gy,https://bsky.app/profile/MooglePower.meow.social.ap.brid.gy
spectrumfox.animal.business.ap.brid.gy,https://bsky.app/profile/spectrumfox.animal.business.ap.brid.gy
Firon.furries.club.ap.brid.gy,https://bsky.app/profile/Firon.furries.club.ap.brid.gy
cuga_san.furries.club.ap.brid.gy,https://bsky.app/profile/cuga_san.furries.club.ap.brid.gy
morghus.furries.club.ap.brid.gy,https://bsky.app/profile/morghus.furries.club.ap.brid.gy
senky.senky.social.ap.brid.gy,https://bsky.app/profile/senky.senky.social.ap.brid.gy
thatsfurredup.kangaroo.to.ap.brid.gy,https://bsky.app/profile/thatsfurredup.kangaroo.to.ap.brid.gy
furality.furality.social.ap.brid.gy,https://bsky.app/profile/furality.furality.social.ap.brid.gy
RainCoug.fursuits.online.ap.brid.gy,https://bsky.app/profile/RainCoug.fursuits.online.ap.brid.gy
PixelBDSM.rubber.social.ap.brid.gy,https://bsky.app/profile/PixelBDSM.rubber.social.ap.brid.gy
PupJuno.rubber.social.ap.brid.gy,https://bsky.app/profile/PupJuno.rubber.social.ap.brid.gy
jouva.rubber.social.ap.brid.gy,https://bsky.app/profile/jouva.rubber.social.ap.brid.gy
makenshifox.rubber.social.ap.brid.gy,https://bsky.app/profile/makenshifox.rubber.social.ap.brid.gy
Koorivlf.meow.social.ap.brid.gy,https://bsky.app/profile/Koorivlf.meow.social.ap.brid.gy
FritzPup.rubber.social.ap.brid.gy,https://bsky.app/profile/FritzPup.rubber.social.ap.brid.gy
oxie.rubber.social.ap.brid.gy,https://bsky.app/profile/oxie.rubber.social.ap.brid.gy
Rubbersubject.rubber.social.ap.brid.gy,https://bsky.app/profile/Rubbersubject.rubber.social.ap.brid.gy
Latonex.rubber.social.ap.brid.gy,https://bsky.app/profile/Latonex.rubber.social.ap.brid.gy
rifkafox.meow.social.ap.brid.gy,https://bsky.app/profile/rifkafox.meow.social.ap.brid.gy
Little_LuLu_X.rubber.social.ap.brid.gy,https://bsky.app/profile/Little_LuLu_X.rubber.social.ap.brid.gy
PupKai.rubber.social.ap.brid.gy,https://bsky.app/profile/PupKai.rubber.social.ap.brid.gy
Squeakykittycat.rubber.social.ap.brid.gy,https://bsky.app/profile/Squeakykittycat.rubber.social.ap.brid.gy
RyePony.rubber.social.ap.brid.gy,https://bsky.app/profile/RyePony.rubber.social.ap.brid.gy
gearedredpanda.rubber.social.ap.brid.gy,https://bsky.app/profile/gearedredpanda.rubber.social.ap.brid.gy
rubbear.rubber.social.ap.brid.gy,https://bsky.app/profile/rubbear.rubber.social.ap.brid.gy
durandal_ad.rubber.social.ap.brid.gy,https://bsky.app/profile/durandal_ad.rubber.social.ap.brid.gy
boaringpig.woof.group.ap.brid.gy,https://bsky.app/profile/boaringpig.woof.group.ap.brid.gy
SnickersJaguar.meow.social.ap.brid.gy,https://bsky.app/profile/SnickersJaguar.meow.social.ap.brid.gy
Wuffpet.rubber.social.ap.brid.gy,https://bsky.app/profile/Wuffpet.rubber.social.ap.brid.gy
cyberwuff.meow.social.ap.brid.gy,https://bsky.app/profile/cyberwuff.meow.social.ap.brid.gy
toon.rubber.social.ap.brid.gy,https://bsky.app/profile/toon.rubber.social.ap.brid.gy
theome.meow.social.ap.brid.gy,https://bsky.app/profile/theome.meow.social.ap.brid.gy
darkstallion.rubber.social.ap.brid.gy,https://bsky.app/profile/darkstallion.rubber.social.ap.brid.gy
Vael.rubber.social.ap.brid.gy,https://bsky.app/profile/Vael.rubber.social.ap.brid.gy
esherjackal.rubber.social.ap.brid.gy,https://bsky.app/profile/esherjackal.rubber.social.ap.brid.gy
resin.rubber.social.ap.brid.gy,https://bsky.app/profile/resin.rubber.social.ap.brid.gy
sockfox.meow.social.ap.brid.gy,https://bsky.app/profile/sockfox.meow.social.ap.brid.gy
DuskPanda.fursuits.online.ap.brid.gy,https://bsky.app/profile/DuskPanda.fursuits.online.ap.brid.gy
MaurerYeenAD.yiff.life.ap.brid.gy,https://bsky.app/profile/MaurerYeenAD.yiff.life.ap.brid.gy
zeepowerzorbra.rubber.social.ap.brid.gy,https://bsky.app/profile/zeepowerzorbra.rubber.social.ap.brid.gy
Rubberfeathers.rubber.social.ap.brid.gy,https://bsky.app/profile/Rubberfeathers.rubber.social.ap.brid.gy
DrayNoire.rubber.social.ap.brid.gy,https://bsky.app/profile/DrayNoire.rubber.social.ap.brid.gy
PupZuki.rubber.social.ap.brid.gy,https://bsky.app/profile/PupZuki.rubber.social.ap.brid.gy
Zetity.rubber.social.ap.brid.gy,https://bsky.app/profile/Zetity.rubber.social.ap.brid.gy
MavwolfDragon.rubber.social.ap.brid.gy,https://bsky.app/profile/MavwolfDragon.rubber.social.ap.brid.gy
FirehouseDog.rubber.social.ap.brid.gy,https://bsky.app/profile/FirehouseDog.rubber.social.ap.brid.gy
BingBongBark.rubber.social.ap.brid.gy,https://bsky.app/profile/BingBongBark.rubber.social.ap.brid.gy
RubberDucky.rubber.social.ap.brid.gy,https://bsky.app/profile/RubberDucky.rubber.social.ap.brid.gy
Clowndog.meow.social.ap.brid.gy,https://bsky.app/profile/Clowndog.meow.social.ap.brid.gy
ItsKuva.rubber.social.ap.brid.gy,https://bsky.app/profile/ItsKuva.rubber.social.ap.brid.gy
princeofrubber.rubber.social.ap.brid.gy,https://bsky.app/profile/princeofrubber.rubber.social.ap.brid.gy
Urban.dingo.network.ap.brid.gy,https://bsky.app/profile/Urban.dingo.network.ap.brid.gy
rbrjoel.rubber.social.ap.brid.gy,https://bsky.app/profile/rbrjoel.rubber.social.ap.brid.gy
DogStricken.rubber.social.ap.brid.gy,https://bsky.app/profile/DogStricken.rubber.social.ap.brid.gy
Rosco.slowest.network.ap.brid.gy,https://bsky.app/profile/Rosco.slowest.network.ap.brid.gy
NotThatBeeps.yiff.life.ap.brid.gy,https://bsky.app/profile/NotThatBeeps.yiff.life.ap.brid.gy
TaylorFox.blimps.xyz.ap.brid.gy,https://bsky.app/profile/TaylorFox.blimps.xyz.ap.brid.gy
plaguedaemonart.meow.social.ap.brid.gy,https://bsky.app/profile/plaguedaemonart.meow.social.ap.brid.gy
harriorrihar.mas.to.ap.brid.gy,https://bsky.app/profile/harriorrihar.mas.to.ap.brid.gy
baralheia.dragonchat.org.ap.brid.gy,https://bsky.app/profile/baralheia.dragonchat.org.ap.brid.gy
flamesoulis.meow.social.ap.brid.gy,https://bsky.app/profile/flamesoulis.meow.social.ap.brid.gy
Shneppie.bark.lgbt.ap.brid.gy,https://bsky.app/profile/Shneppie.bark.lgbt.ap.brid.gy
FetchNW.bark.lgbt.ap.brid.gy,https://bsky.app/profile/FetchNW.bark.lgbt.ap.brid.gy
RadioactiveTendencies.bark.lgbt.ap.brid.gy,https://bsky.app/profile/RadioactiveTendencies.bark.lgbt.ap.brid.gy
RunicArmasaur.bark.lgbt.ap.brid.gy,https://bsky.app/profile/RunicArmasaur.bark.lgbt.ap.brid.gy
FrankNiceDeer.pawb.fun.ap.brid.gy,https://bsky.app/profile/FrankNiceDeer.pawb.fun.ap.brid.gy
Fursci.furry.engineer.ap.brid.gy,https://bsky.app/profile/Fursci.furry.engineer.ap.brid.gy
Jam_Deer.furry.engineer.ap.brid.gy,https://bsky.app/profile/Jam_Deer.furry.engineer.ap.brid.gy
TyrKilcat.meow.social.ap.brid.gy,https://bsky.app/profile/TyrKilcat.meow.social.ap.brid.gy
sige.meow.social.ap.brid.gy,https://bsky.app/profile/sige.meow.social.ap.brid.gy
codex.fursuits.online.ap.brid.gy,https://bsky.app/profile/codex.fursuits.online.ap.brid.gy
leet.meow.social.ap.brid.gy,https://bsky.app/profile/leet.meow.social.ap.brid.gy
tapbots.tapbots.social.ap.brid.gy,https://bsky.app/profile/tapbots.tapbots.social.ap.brid.gy
Ramalion.furries.club.ap.brid.gy,https://bsky.app/profile/Ramalion.furries.club.ap.brid.gy
Kril.fursuits.online.ap.brid.gy,https://bsky.app/profile/Kril.fursuits.online.ap.brid.gy
Reptifur.loutre.info.ap.brid.gy,https://bsky.app/profile/Reptifur.loutre.info.ap.brid.gy
Kooda.loutre.info.ap.brid.gy,https://bsky.app/profile/Kooda.loutre.info.ap.brid.gy
artyif.mstdn.social.ap.brid.gy,https://bsky.app/profile/artyif.mstdn.social.ap.brid.gy
eldrakken.dragonchat.org.ap.brid.gy,https://bsky.app/profile/eldrakken.dragonchat.org.ap.brid.gy
goldencoyote.bark.lgbt.ap.brid.gy,https://bsky.app/profile/goldencoyote.bark.lgbt.ap.brid.gy
tkwolf.fursuits.online.ap.brid.gy,https://bsky.app/profile/tkwolf.fursuits.online.ap.brid.gy
kiteless.furries.club.ap.brid.gy,https://bsky.app/profile/kiteless.furries.club.ap.brid.gy
roninotter.furries.club.ap.brid.gy,https://bsky.app/profile/roninotter.furries.club.ap.brid.gy
crumbcake.meow.social.ap.brid.gy,https://bsky.app/profile/crumbcake.meow.social.ap.brid.gy
FWA.furrycon.social.ap.brid.gy,https://bsky.app/profile/FWA.furrycon.social.ap.brid.gy
toastedlynx.meow.social.ap.brid.gy,https://bsky.app/profile/toastedlynx.meow.social.ap.brid.gy
ceralor.blimps.xyz.ap.brid.gy,https://bsky.app/profile/ceralor.blimps.xyz.ap.brid.gy
pawcelot.meow.social.ap.brid.gy,https://bsky.app/profile/pawcelot.meow.social.ap.brid.gy
Rentradewind.mastodon.art.ap.brid.gy,https://bsky.app/profile/Rentradewind.mastodon.art.ap.brid.gy
kurrikage.meow.social.ap.brid.gy,https://bsky.app/profile/kurrikage.meow.social.ap.brid.gy
huskion.blimps.xyz.ap.brid.gy,https://bsky.app/profile/huskion.blimps.xyz.ap.brid.gy
DarkOverord.blimps.xyz.ap.brid.gy,https://bsky.app/profile/DarkOverord.blimps.xyz.ap.brid.gy
Kalenai.furry.engineer.ap.brid.gy,https://bsky.app/profile/Kalenai.furry.engineer.ap.brid.gy
maskedpup.dogbox.social.ap.brid.gy,https://bsky.app/profile/maskedpup.dogbox.social.ap.brid.gy
Yul_Wolveryeen.meow.social.ap.brid.gy,https://bsky.app/profile/Yul_Wolveryeen.meow.social.ap.brid.gy
scooterr.meow.social.ap.brid.gy,https://bsky.app/profile/scooterr.meow.social.ap.brid.gy
K9_Krunchies.meow.social.ap.brid.gy,https://bsky.app/profile/K9_Krunchies.meow.social.ap.brid.gy
trae.meow.social.ap.brid.gy,https://bsky.app/profile/trae.meow.social.ap.brid.gy
Saix.meow.social.ap.brid.gy,https://bsky.app/profile/Saix.meow.social.ap.brid.gy
TinyFlyThing.meow.social.ap.brid.gy,https://bsky.app/profile/TinyFlyThing.meow.social.ap.brid.gy
jonathanvair.meow.social.ap.brid.gy,https://bsky.app/profile/jonathanvair.meow.social.ap.brid.gy
TeeOh_Raccoon.meow.social.ap.brid.gy,https://bsky.app/profile/TeeOh_Raccoon.meow.social.ap.brid.gy
magferret.meow.social.ap.brid.gy,https://bsky.app/profile/magferret.meow.social.ap.brid.gy
Winty.meow.social.ap.brid.gy,https://bsky.app/profile/Winty.meow.social.ap.brid.gy
TwitchDaWoof.meow.social.ap.brid.gy,https://bsky.app/profile/TwitchDaWoof.meow.social.ap.brid.gy
ProfessorScritch.meow.social.ap.brid.gy,https://bsky.app/profile/ProfessorScritch.meow.social.ap.brid.gy
mothkisserx.meow.social.ap.brid.gy,https://bsky.app/profile/mothkisserx.meow.social.ap.brid.gy
Moondog.meow.social.ap.brid.gy,https://bsky.app/profile/Moondog.meow.social.ap.brid.gy
Arthiis.meow.social.ap.brid.gy,https://bsky.app/profile/Arthiis.meow.social.ap.brid.gy
kianga.meow.social.ap.brid.gy,https://bsky.app/profile/kianga.meow.social.ap.brid.gy
blackcorvo.yiff.life.ap.brid.gy,https://bsky.app/profile/blackcorvo.yiff.life.ap.brid.gy
squeak.rubber.social.ap.brid.gy,https://bsky.app/profile/squeak.rubber.social.ap.brid.gy
AdalwinAmillion.yiff.life.ap.brid.gy,https://bsky.app/profile/AdalwinAmillion.yiff.life.ap.brid.gy
SamOnCassette.mastodon.art.ap.brid.gy,https://bsky.app/profile/SamOnCassette.mastodon.art.ap.brid.gy
DailyIsland.botsin.space.ap.brid.gy,https://bsky.app/profile/DailyIsland.botsin.space.ap.brid.gy
Ragnen.mastodon.art.ap.brid.gy,https://bsky.app/profile/Ragnen.mastodon.art.ap.brid.gy
ryanpanzo.mastodon.art.ap.brid.gy,https://bsky.app/profile/ryanpanzo.mastodon.art.ap.brid.gy
MrBookshire.meow.social.ap.brid.gy,https://bsky.app/profile/MrBookshire.meow.social.ap.brid.gy
Bentley.rubber.social.ap.brid.gy,https://bsky.app/profile/Bentley.rubber.social.ap.brid.gy
tehdeminz.meow.social.ap.brid.gy,https://bsky.app/profile/tehdeminz.meow.social.ap.brid.gy
spresso.meow.social.ap.brid.gy,https://bsky.app/profile/spresso.meow.social.ap.brid.gy
redrhystel.meow.social.ap.brid.gy,https://bsky.app/profile/redrhystel.meow.social.ap.brid.gy
Nomaxice.meow.social.ap.brid.gy,https://bsky.app/profile/Nomaxice.meow.social.ap.brid.gy
Saki.meow.social.ap.brid.gy,https://bsky.app/profile/Saki.meow.social.ap.brid.gy
Tiwy57.meow.social.ap.brid.gy,https://bsky.app/profile/Tiwy57.meow.social.ap.brid.gy
cooner.meow.social.ap.brid.gy,https://bsky.app/profile/cooner.meow.social.ap.brid.gy
quentincoyote.meow.social.ap.brid.gy,https://bsky.app/profile/quentincoyote.meow.social.ap.brid.gy
RuffleMUTT.meow.social.ap.brid.gy,https://bsky.app/profile/RuffleMUTT.meow.social.ap.brid.gy
goopypanther.meow.social.ap.brid.gy,https://bsky.app/profile/goopypanther.meow.social.ap.brid.gy
Kravotir.mastodon.social.ap.brid.gy,https://bsky.app/profile/Kravotir.mastodon.social.ap.brid.gy
Shamerli.mastodon.art.ap.brid.gy,https://bsky.app/profile/Shamerli.mastodon.art.ap.brid.gy
Dofain.mastodon.social.ap.brid.gy,https://bsky.app/profile/Dofain.mastodon.social.ap.brid.gy
mrjimmydafloof.meow.social.ap.brid.gy,https://bsky.app/profile/mrjimmydafloof.meow.social.ap.brid.gy
draz.meow.social.ap.brid.gy,https://bsky.app/profile/draz.meow.social.ap.brid.gy
Doridian.furry.engineer.ap.brid.gy,https://bsky.app/profile/Doridian.furry.engineer.ap.brid.gy
psyolus.animal.business.ap.brid.gy,https://bsky.app/profile/psyolus.animal.business.ap.brid.gy
CurusKeel.blimps.xyz.ap.brid.gy,https://bsky.app/profile/CurusKeel.blimps.xyz.ap.brid.gy
Barnaby.meow.social.ap.brid.gy,https://bsky.app/profile/Barnaby.meow.social.ap.brid.gy
Tex.meow.social.ap.brid.gy,https://bsky.app/profile/Tex.meow.social.ap.brid.gy
tinnier.meow.social.ap.brid.gy,https://bsky.app/profile/tinnier.meow.social.ap.brid.gy
RustECoyote.mastodon.social.ap.brid.gy,https://bsky.app/profile/RustECoyote.mastodon.social.ap.brid.gy
gallusfox.furry.engineer.ap.brid.gy,https://bsky.app/profile/gallusfox.furry.engineer.ap.brid.gy
nican.furry.engineer.ap.brid.gy,https://bsky.app/profile/nican.furry.engineer.ap.brid.gy
brophey.furry.engineer.ap.brid.gy,https://bsky.app/profile/brophey.furry.engineer.ap.brid.gy
Hachi.meow.social.ap.brid.gy,https://bsky.app/profile/Hachi.meow.social.ap.brid.gy
croc.fursuits.online.ap.brid.gy,https://bsky.app/profile/croc.fursuits.online.ap.brid.gy
AlphaWoof.mastodon.social.ap.brid.gy,https://bsky.app/profile/AlphaWoof.mastodon.social.ap.brid.gy
werelwolf.woof.group.ap.brid.gy,https://bsky.app/profile/werelwolf.woof.group.ap.brid.gy
kilmo.fursuits.online.ap.brid.gy,https://bsky.app/profile/kilmo.fursuits.online.ap.brid.gy
Changa_Husky.floofy.tech.ap.brid.gy,https://bsky.app/profile/Changa_Husky.floofy.tech.ap.brid.gy
goomonster.meow.social.ap.brid.gy,https://bsky.app/profile/goomonster.meow.social.ap.brid.gy
Thorphax.furries.club.ap.brid.gy,https://bsky.app/profile/Thorphax.furries.club.ap.brid.gy
DotRook.blimps.xyz.ap.brid.gy,https://bsky.app/profile/DotRook.blimps.xyz.ap.brid.gy
monstercollie.blimps.xyz.ap.brid.gy,https://bsky.app/profile/monstercollie.blimps.xyz.ap.brid.gy
ShezHsky.blimps.xyz.ap.brid.gy,https://bsky.app/profile/ShezHsky.blimps.xyz.ap.brid.gy
Chairo.fursuits.online.ap.brid.gy,https://bsky.app/profile/Chairo.fursuits.online.ap.brid.gy
MaskedGargoyle.fursuits.online.ap.brid.gy,https://bsky.app/profile/MaskedGargoyle.fursuits.online.ap.brid.gy
Scatterplot.fursuits.online.ap.brid.gy,https://bsky.app/profile/Scatterplot.fursuits.online.ap.brid.gy
rubberdeer.rubber.social.ap.brid.gy,https://bsky.app/profile/rubberdeer.rubber.social.ap.brid.gy
2chaotic.blimps.xyz.ap.brid.gy,https://bsky.app/profile/2chaotic.blimps.xyz.ap.brid.gy
Malkit.meow.social.ap.brid.gy,https://bsky.app/profile/Malkit.meow.social.ap.brid.gy
azeldraws.meow.social.ap.brid.gy,https://bsky.app/profile/azeldraws.meow.social.ap.brid.gy
Farmdog.mastodon.social.ap.brid.gy,https://bsky.app/profile/Farmdog.mastodon.social.ap.brid.gy
Grisser.mastodon.social.ap.brid.gy,https://bsky.app/profile/Grisser.mastodon.social.ap.brid.gy
asunyra.mastodon.social.ap.brid.gy,https://bsky.app/profile/asunyra.mastodon.social.ap.brid.gy
Pup_Leo.rubber.social.ap.brid.gy,https://bsky.app/profile/Pup_Leo.rubber.social.ap.brid.gy
KoidelCoyote.meow.social.ap.brid.gy,https://bsky.app/profile/KoidelCoyote.meow.social.ap.brid.gy
Rejax.blimps.xyz.ap.brid.gy,https://bsky.app/profile/Rejax.blimps.xyz.ap.brid.gy
hannu.meow.social.ap.brid.gy,https://bsky.app/profile/hannu.meow.social.ap.brid.gy
actionmartini.blimps.xyz.ap.brid.gy,https://bsky.app/profile/actionmartini.blimps.xyz.ap.brid.gy
Redclawotter.cyberfurz.social.ap.brid.gy,https://bsky.app/profile/Redclawotter.cyberfurz.social.ap.brid.gy
Mlice.meow.social.ap.brid.gy,https://bsky.app/profile/Mlice.meow.social.ap.brid.gy
panda_paco.meow.social.ap.brid.gy,https://bsky.app/profile/panda_paco.meow.social.ap.brid.gy
stoop.meow.social.ap.brid.gy,https://bsky.app/profile/stoop.meow.social.ap.brid.gy
dunbrine47.pawb.fun.ap.brid.gy,https://bsky.app/profile/dunbrine47.pawb.fun.ap.brid.gy
Xeans.meow.social.ap.brid.gy,https://bsky.app/profile/Xeans.meow.social.ap.brid.gy
Tally.meow.social.ap.brid.gy,https://bsky.app/profile/Tally.meow.social.ap.brid.gy
adeserthare.meow.social.ap.brid.gy,https://bsky.app/profile/adeserthare.meow.social.ap.brid.gy
floofy_wolf.meow.social.ap.brid.gy,https://bsky.app/profile/floofy_wolf.meow.social.ap.brid.gy
badwox.gearheads.social.ap.brid.gy,https://bsky.app/profile/badwox.gearheads.social.ap.brid.gy
RubberDragon.rubber.social.ap.brid.gy,https://bsky.app/profile/RubberDragon.rubber.social.ap.brid.gy
TalenDragon.rubber.social.ap.brid.gy,https://bsky.app/profile/TalenDragon.rubber.social.ap.brid.gy
LesboLeone.meow.social.ap.brid.gy,https://bsky.app/profile/LesboLeone.meow.social.ap.brid.gy
carbonkat.rubber.social.ap.brid.gy,https://bsky.app/profile/carbonkat.rubber.social.ap.brid.gy
sixthleafclover.mastodon.art.ap.brid.gy,https://bsky.app/profile/sixthleafclover.mastodon.art.ap.brid.gy
BlurTheFur.meow.social.ap.brid.gy,https://bsky.app/profile/BlurTheFur.meow.social.ap.brid.gy
pupgizmo.rubber.social.ap.brid.gy,https://bsky.app/profile/pupgizmo.rubber.social.ap.brid.gy
greekceltic.mastodon.art.ap.brid.gy,https://bsky.app/profile/greekceltic.mastodon.art.ap.brid.gy
homogoat.yiff.life.ap.brid.gy,https://bsky.app/profile/homogoat.yiff.life.ap.brid.gy
LawyerDog.yiff.life.ap.brid.gy,https://bsky.app/profile/LawyerDog.yiff.life.ap.brid.gy
creeps.meow.social.ap.brid.gy,https://bsky.app/profile/creeps.meow.social.ap.brid.gy
orinoxide.mastodon.art.ap.brid.gy,https://bsky.app/profile/orinoxide.mastodon.art.ap.brid.gy
spadetale.chitter.xyz.ap.brid.gy,https://bsky.app/profile/spadetale.chitter.xyz.ap.brid.gy
montypup.meow.social.ap.brid.gy,https://bsky.app/profile/montypup.meow.social.ap.brid.gy
animalshapes.mastodon.art.ap.brid.gy,https://bsky.app/profile/animalshapes.mastodon.art.ap.brid.gy
taqdagger407.blimps.xyz.ap.brid.gy,https://bsky.app/profile/taqdagger407.blimps.xyz.ap.brid.gy
Rascal_Squeaks.blimps.xyz.ap.brid.gy,https://bsky.app/profile/Rascal_Squeaks.blimps.xyz.ap.brid.gy
nick.furry.engineer.ap.brid.gy,https://bsky.app/profile/nick.furry.engineer.ap.brid.gy
rickgriffin.meow.social.ap.brid.gy,https://bsky.app/profile/rickgriffin.meow.social.ap.brid.gy
Statiik.meow.social.ap.brid.gy,https://bsky.app/profile/Statiik.meow.social.ap.brid.gy
viggen.meow.social.ap.brid.gy,https://bsky.app/profile/viggen.meow.social.ap.brid.gy
candahan.pawb.fun.ap.brid.gy,https://bsky.app/profile/candahan.pawb.fun.ap.brid.gy
Tricad.meow.social.ap.brid.gy,https://bsky.app/profile/Tricad.meow.social.ap.brid.gy
PistachioDonk.furries.club.ap.brid.gy,https://bsky.app/profile/PistachioDonk.furries.club.ap.brid.gy
Hevros.meow.social.ap.brid.gy,https://bsky.app/profile/Hevros.meow.social.ap.brid.gy
fnook.fursuits.online.ap.brid.gy,https://bsky.app/profile/fnook.fursuits.online.ap.brid.gy
CheetahObscura.meow.social.ap.brid.gy,https://bsky.app/profile/CheetahObscura.meow.social.ap.brid.gy
RicochetWolf.blimps.xyz.ap.brid.gy,https://bsky.app/profile/RicochetWolf.blimps.xyz.ap.brid.gy
VarekMorro.meow.social.ap.brid.gy,https://bsky.app/profile/VarekMorro.meow.social.ap.brid.gy
angryantlers.blimps.xyz.ap.brid.gy,https://bsky.app/profile/angryantlers.blimps.xyz.ap.brid.gy
Troglit.meow.social.ap.brid.gy,https://bsky.app/profile/Troglit.meow.social.ap.brid.gy
cleanerwolf.meow.social.ap.brid.gy,https://bsky.app/profile/cleanerwolf.meow.social.ap.brid.gy
DolbyVixen.meow.social.ap.brid.gy,https://bsky.app/profile/DolbyVixen.meow.social.ap.brid.gy
LightningRoo.blimps.xyz.ap.brid.gy,https://bsky.app/profile/LightningRoo.blimps.xyz.ap.brid.gy
pepemapache.meow.social.ap.brid.gy,https://bsky.app/profile/pepemapache.meow.social.ap.brid.gy
Werethrope.meow.social.ap.brid.gy,https://bsky.app/profile/Werethrope.meow.social.ap.brid.gy
oceanotter.meow.social.ap.brid.gy,https://bsky.app/profile/oceanotter.meow.social.ap.brid.gy
Glitchyeen.blimps.xyz.ap.brid.gy,https://bsky.app/profile/Glitchyeen.blimps.xyz.ap.brid.gy
JacFox.blimps.xyz.ap.brid.gy,https://bsky.app/profile/JacFox.blimps.xyz.ap.brid.gy
Rakune.meow.social.ap.brid.gy,https://bsky.app/profile/Rakune.meow.social.ap.brid.gy
june_buggie.queer.party.ap.brid.gy,https://bsky.app/profile/june_buggie.queer.party.ap.brid.gy
KING.gshep.social.ap.brid.gy,https://bsky.app/profile/KING.gshep.social.ap.brid.gy
Varghus.rubber.social.ap.brid.gy,https://bsky.app/profile/Varghus.rubber.social.ap.brid.gy
Dragon_Manual.dragon.style.ap.brid.gy,https://bsky.app/profile/Dragon_Manual.dragon.style.ap.brid.gy
Squeakysnout.hyss.us.ap.brid.gy,https://bsky.app/profile/Squeakysnout.hyss.us.ap.brid.gy
Enno.squeak.social.ap.brid.gy,https://bsky.app/profile/Enno.squeak.social.ap.brid.gy
abigfathen.squawk.social.ap.brid.gy,https://bsky.app/profile/abigfathen.squawk.social.ap.brid.gy
notthebee.tilde.zone.ap.brid.gy,https://bsky.app/profile/notthebee.tilde.zone.ap.brid.gy
tsaro.tsarolion.com.ap.brid.gy,https://bsky.app/profile/tsaro.tsarolion.com.ap.brid.gy
ivory.tapbots.social.ap.brid.gy,https://bsky.app/profile/ivory.tapbots.social.ap.brid.gy
aatheus.batchats.net.ap.brid.gy,https://bsky.app/profile/aatheus.batchats.net.ap.brid.gy
Hiker.floofy.tech.ap.brid.gy,https://bsky.app/profile/Hiker.floofy.tech.ap.brid.gy
novashepherd.woof.group.ap.brid.gy,https://bsky.app/profile/novashepherd.woof.group.ap.brid.gy
Accophox.babyfurs.social.ap.brid.gy,https://bsky.app/profile/Accophox.babyfurs.social.ap.brid.gy
Redwulf.mastodon.social.ap.brid.gy,https://bsky.app/profile/Redwulf.mastodon.social.ap.brid.gy
zephyxus.claws.blue.ap.brid.gy,https://bsky.app/profile/zephyxus.claws.blue.ap.brid.gy
jonas.mastodon.art.ap.brid.gy,https://bsky.app/profile/jonas.mastodon.art.ap.brid.gy
dracco.vulpine.club.ap.brid.gy,https://bsky.app/profile/dracco.vulpine.club.ap.brid.gy
damianfoxx.chitter.xyz.ap.brid.gy,https://bsky.app/profile/damianfoxx.chitter.xyz.ap.brid.gy
otteruw8ing4.snaggletooth.life.ap.brid.gy,https://bsky.app/profile/otteruw8ing4.snaggletooth.life.ap.brid.gy
LeoBurr.tiggi.es.ap.brid.gy,https://bsky.app/profile/LeoBurr.tiggi.es.ap.brid.gy
sovy.pandapla.net.ap.brid.gy,https://bsky.app/profile/sovy.pandapla.net.ap.brid.gy
Nivals.bark.lgbt.ap.brid.gy,https://bsky.app/profile/Nivals.bark.lgbt.ap.brid.gy
lemurr.dook.business.ap.brid.gy,https://bsky.app/profile/lemurr.dook.business.ap.brid.gy
deetwenty.todon.nl.ap.brid.gy,https://bsky.app/profile/deetwenty.todon.nl.ap.brid.gy
WolfNews.brands.town.ap.brid.gy,https://bsky.app/profile/WolfNews.brands.town.ap.brid.gy
nightdragon0.fursuits.online.ap.brid.gy,https://bsky.app/profile/nightdragon0.fursuits.online.ap.brid.gy
urbis.meow.social.ap.brid.gy,https://bsky.app/profile/urbis.meow.social.ap.brid.gy
mathias.pawb.fun.ap.brid.gy,https://bsky.app/profile/mathias.pawb.fun.ap.brid.gy
afterdarkpaw.thicc.horse.ap.brid.gy,https://bsky.app/profile/afterdarkpaw.thicc.horse.ap.brid.gy
Nemo.blimps.xyz.ap.brid.gy,https://bsky.app/profile/Nemo.blimps.xyz.ap.brid.gy
NeoFox.furry.engineer.ap.brid.gy,https://bsky.app/profile/NeoFox.furry.engineer.ap.brid.gy
Foxworth.cyberfurz.social.ap.brid.gy,https://bsky.app/profile/Foxworth.cyberfurz.social.ap.brid.gy
strawberry.furries.club.ap.brid.gy,https://bsky.app/profile/strawberry.furries.club.ap.brid.gy